-- crear base de datos - sql server
CREATE DATABASE prueba_bancolombia
GO

------------------------
--- crear tablas -------
------------------------
USE [prueba_bancolombia]
GO

CREATE TABLE [usuarios]
(
    [id]      INT PRIMARY KEY IDENTITY,     -- Id auto-generado
    [titular] VARCHAR(100) NOT NULL,        -- titular de la cuenta
    [email]   VARCHAR(100) NOT NULL UNIQUE, -- email del usuario, unique
)

-- tabla cuentas
CREATE TABLE [cuentas]
(
    [numero_cuenta] INT PRIMARY KEY NOT NULL,             -- numero de la cuenta. llave primaria de la tabla.
    [usuario_id]    INT             NOT NULL,             -- id usuario
    [tipo_cuenta]   VARCHAR(50)     NOT NULL,             -- tipo de cuenta
    [saldo]         DECIMAL(18, 2) DEFAULT 0,             -- saldo actual de la cuenta

    FOREIGN KEY (usuario_id) REFERENCES [usuarios] ([id]) -- relación entre cuentas y usuarios. usuario_id foreign key de usuarios
)
-- tabla movimientos
CREATE TABLE [movimientos]
(
    [id]            INT PRIMARY KEY IDENTITY,                          -- id de la tabla, identity hace que sea un id progresivo.
    [numero_cuenta] INT,                                               -- numero de la cuenta.
    [valor]         DECIMAL(18, 2) NOT NULL,                           -- valor del movimiento.
    [fecha]         DATETIME2      NOT NULL DEFAULT GETDATE(),         -- fecha del movimiento, valor inicial datetime actual.

    FOREIGN KEY (numero_cuenta) REFERENCES [cuentas] ([numero_cuenta]) -- relación entre cuentas y movimientos. numero_cuenta foreign key de cuentas.
)
GO

-- trigger para actualizar el saldo de la cuenta ----------
-----------------------------------------------------------
-- para evitar problemas con bulk inserts, se utiliza la -- 
-- tabla temporal 'inserted' que representa todos los    --
-- registros insertados                                  --
-----------------------------------------------------------
CREATE OR ALTER TRIGGER [TR_movimientos_actualizar_saldo_after_insert]
    ON [movimientos]
    AFTER INSERT
    AS
BEGIN
    UPDATE [c]
    SET [saldo] = [saldo] + [i].[valor]
    FROM [cuentas] [c]
             INNER JOIN [inserted] [i] ON [c].[numero_cuenta] = [i].[numero_cuenta]
END
GO


-- datos para usuarios -- generados con https://www.mockaroo.com/
INSERT INTO [usuarios] (titular, email)
VALUES ('Norma Trulocke', 'ntrulocke0@thetimes.co.uk'),
       ('Deb Turley', 'dturley1@tiny.cc'),
       ('Charles Fairholme', 'cfairholme2@cbc.ca'),
       ('Elliot Wissbey', 'ewissbey3@statcounter.com'),
       ('Arleyne Piers', 'apiers4@bigcartel.com'),
       ('Cara Cauldwell', 'ccauldwell5@usda.gov'),
       ('Nessi Robertot', 'nrobertot6@surveymonkey.com'),
       ('Anastassia Waymont', 'awaymont7@gmpg.org'),
       ('Tamar Pendlenton', 'tpendlenton8@tripadvisor.com'),
       ('Ginnifer Wonfar', 'gwonfar9@icq.com'),
       ('Brittan Avann', 'bavanna@yale.edu'),
       ('Jocko Paxforde', 'jpaxfordeb@wikispaces.com'),
       ('Hubert Klais', 'hklaisc@mail.ru'),
       ('Cirilo Cumberland', 'ccumberlandd@umich.edu'),
       ('Cheri Hutfield', 'chutfielde@com.com'),
       ('Zoe Swarbrigg', 'zswarbriggf@boston.com'),
       ('Linnie Fetherstone', 'lfetherstoneg@cbslocal.com'),
       ('Cornie McLean', 'cmcleanh@indiegogo.com'),
       ('Celinka Siddle', 'csiddlei@joomla.org'),
       ('Valentine Laundon', 'vlaundonj@stanford.edu'),
       ('Lydie Pelchat', 'lpelchatk@weibo.com'),
       ('Clevie MacGill', 'cmacgilll@weebly.com'),
       ('Orville Shutt', 'oshuttm@boston.com'),
       ('Griffith Croser', 'gcrosern@reference.com'),
       ('Julieta Tommasetti', 'jtommasettio@google.pl'),
       ('Marleen Domanski', 'mdomanskip@mlb.com'),
       ('Elena Rouge', 'erougeq@timesonline.co.uk'),
       ('Ryley Marklow', 'rmarklowr@bloglines.com'),
       ('Aurelia Worters', 'aworterss@ow.ly'),
       ('Joly Le Breton', 'jlet@cmu.edu'),
       ('York Corsham', 'ycorshamu@liveinternet.ru'),
       ('Dode Walsh', 'dwalshv@telegraph.co.uk'),
       ('Giovanni Impson', 'gimpsonw@jimdo.com'),
       ('Crichton Mandrake', 'cmandrakex@hhs.gov'),
       ('Newton McPhilip', 'nmcphilipy@auda.org.au'),
       ('Layney Sussams', 'lsussamsz@issuu.com'),
       ('Leyla O'' Loughran', 'lo10@vkontakte.ru'),
       ('Elset Whapham', 'ewhapham11@wisc.edu'),
       ('Dacie Langrick', 'dlangrick12@opera.com'),
       ('Nathalie Bowers', 'nbowers13@blogs.com'),
       ('Myron Maasze', 'mmaasze14@joomla.org'),
       ('Ezekiel Vanderson', 'evanderson15@si.edu'),
       ('Arline Coad', 'acoad16@linkedin.com'),
       ('Marsh Camosso', 'mcamosso17@nba.com'),
       ('Connie Callum', 'ccallum18@google.it'),
       ('Noami Arlet', 'narlet19@devhub.com'),
       ('Paolina Shitliff', 'pshitliff1a@comcast.net'),
       ('Florencia Llewhellin', 'fllewhellin1b@fda.gov'),
       ('Lita Cobbled', 'lcobbled1c@lycos.com'),
       ('Melamie Brozek', 'mbrozek1d@examiner.com'),
       ('Kevyn Aizikowitz', 'kaizikowitz1e@1und1.de'),
       ('Eada Shirtliff', 'eshirtliff1f@gov.uk'),
       ('Martin Ronchi', 'mronchi1g@github.io'),
       ('Dell Tod', 'dtod1h@comsenz.com'),
       ('Guillemette Greenwell', 'ggreenwell1i@wix.com'),
       ('Wilbur Zoephel', 'wzoephel1j@businessweek.com'),
       ('Pat MacKenney', 'pmackenney1k@studiopress.com'),
       ('Hallie Derell', 'hderell1l@shinystat.com'),
       ('Tod Sperry', 'tsperry1m@berkeley.edu'),
       ('Robbie Itschakov', 'ritschakov1n@msn.com'),
       ('Fidel Jackman', 'fjackman1o@imgur.com'),
       ('Jedediah Pyrah', 'jpyrah1p@paginegialle.it'),
       ('Glynnis Helmke', 'ghelmke1q@nature.com'),
       ('Hortensia Merrilees', 'hmerrilees1r@bloglines.com'),
       ('Lidia Shepland', 'lshepland1s@phpbb.com'),
       ('Marleen Paddell', 'mpaddell1t@google.it'),
       ('Cory Tittletross', 'ctittletross1u@moonfruit.com'),
       ('Kinna Odegaard', 'kodegaard1v@zimbio.com'),
       ('Madella Demchen', 'mdemchen1w@google.nl'),
       ('Vinnie Barks', 'vbarks1x@yolasite.com'),
       ('Rennie Gathercole', 'rgathercole1y@deliciousdays.com'),
       ('Heather Poulett', 'hpoulett1z@lulu.com'),
       ('Loreen Scoyne', 'lscoyne20@imgur.com'),
       ('Eb O'' Clovan', 'eo21@tmall.com'),
       ('Rois Limerick', 'rlimerick22@drupal.org'),
       ('Lorrayne Bendig', 'lbendig23@cnn.com'),
       ('Sissy Springthorpe', 'sspringthorpe24@delicious.com'),
       ('Karlik Morrilly', 'kmorrilly25@dmoz.org'),
       ('Chico Mangham', 'cmangham26@theguardian.com'),
       ('Penny Rehorek', 'prehorek27@epa.gov'),
       ('Millard Shewan', 'mshewan28@vimeo.com'),
       ('Beatrice Glading', 'bglading29@blog.com'),
       ('Raymund McCarthy', 'rmccarthy2a@deliciousdays.com'),
       ('Gav Kezourec', 'gkezourec2b@examiner.com'),
       ('Bertrando Ede', 'bede2c@ameblo.jp'),
       ('Adela Mably', 'amably2d@howstuffworks.com'),
       ('Dionysus Haucke', 'dhaucke2e@princeton.edu'),
       ('Sonnnie Paxeford', 'spaxeford2f@wisc.edu'),
       ('Madonna Handlin', 'mhandlin2g@irs.gov'),
       ('Robin Gillhespy', 'rgillhespy2h@ask.com'),
       ('Kelly Hawkeswood', 'khawkeswood2i@nytimes.com'),
       ('Arny Ratt', 'aratt2j@soundcloud.com'),
       ('Krisha Paxforde', 'kpaxforde2k@shareasale.com'),
       ('Hyacinth Zimmer', 'hzimmer2l@indiatimes.com'),
       ('Barbette Palluschek', 'bpalluschek2m@reuters.com'),
       ('Hershel Smallwood', 'hsmallwood2n@dot.gov'),
       ('Cyrille Perch', 'cperch2o@engadget.com'),
       ('Jacklin Lamberts', 'jlamberts2p@statcounter.com'),
       ('Imogene Manby', 'imanby2q@newsvine.com'),
       ('Zoe Rendle', 'zrendle2r@hc360.com'),
       ('Chrissie Romagnosi', 'cromagnosi2s@archive.org'),
       ('Abby Howle', 'ahowle2t@biglobe.ne.jp'),
       ('Marris Kenworthy', 'mkenworthy2u@google.com.au'),
       ('Law Gatland', 'lgatland2v@economist.com'),
       ('Cristionna Lashford', 'clashford2w@furl.net'),
       ('Micky Anselmi', 'manselmi2x@usatoday.com'),
       ('Olvan Haselden', 'ohaselden2y@youtube.com'),
       ('Morten Alves', 'malves2z@umich.edu'),
       ('Caresse Rack', 'crack30@webeden.co.uk'),
       ('Tabby Chaise', 'tchaise31@tamu.edu'),
       ('Kerwinn Vala', 'kvala32@4shared.com'),
       ('Aloin Brafferton', 'abrafferton33@rambler.ru'),
       ('Aileen Cuddehay', 'acuddehay34@yellowpages.com'),
       ('Lion Pratty', 'lpratty35@thetimes.co.uk'),
       ('Skyler Hullah', 'shullah36@vimeo.com'),
       ('Ferne Theyer', 'ftheyer37@dagondesign.com'),
       ('Leta Moyes', 'lmoyes38@shutterfly.com'),
       ('Kimberli Raffels', 'kraffels39@free.fr'),
       ('Loree Domone', 'ldomone3a@twitpic.com'),
       ('Fitzgerald Toffaloni', 'ftoffaloni3b@youtu.be'),
       ('Glenn Scarrisbrick', 'gscarrisbrick3c@etsy.com'),
       ('Glynn Holtom', 'gholtom3d@pagesperso-orange.fr'),
       ('Jacinthe Kagan', 'jkagan3e@chronoengine.com'),
       ('Bo Herreran', 'bherreran3f@youtube.com'),
       ('Silvia Sellar', 'ssellar3g@ning.com'),
       ('Gearard Asprey', 'gasprey3h@linkedin.com'),
       ('Nicolina Radish', 'nradish3i@nymag.com'),
       ('Greta Dauncey', 'gdauncey3j@walmart.com'),
       ('Zeb Simester', 'zsimester3k@myspace.com'),
       ('Coleman Smithson', 'csmithson3l@nps.gov'),
       ('Susanne Mossman', 'smossman3m@lulu.com'),
       ('Rona Forbes', 'rforbes3n@bizjournals.com'),
       ('Xymenes Leckie', 'xleckie3o@dailymail.co.uk'),
       ('Shurwood Zapata', 'szapata3p@sogou.com'),
       ('Leonardo Jefferys', 'ljefferys3q@pagesperso-orange.fr'),
       ('Eryn Kippling', 'ekippling3r@weibo.com'),
       ('Ramonda Lowe', 'rlowe3s@photobucket.com'),
       ('Leah Morch', 'lmorch3t@examiner.com'),
       ('Herb Humbie', 'hhumbie3u@yahoo.co.jp'),
       ('Urbano Balchin', 'ubalchin3v@google.ca'),
       ('Vidovic Doughill', 'vdoughill3w@meetup.com'),
       ('Teodorico Prout', 'tprout3x@washingtonpost.com'),
       ('Michaela Norvell', 'mnorvell3y@theglobeandmail.com'),
       ('Filippa Ackland', 'fackland3z@apple.com'),
       ('Binny Staten', 'bstaten40@geocities.com'),
       ('Ben April', 'bapril41@last.fm'),
       ('Karin Assiter', 'kassiter42@foxnews.com'),
       ('Adam Eagleton', 'aeagleton43@is.gd'),
       ('Archy Spare', 'aspare44@illinois.edu'),
       ('Meredith O''Scandall', 'moscandall45@netvibes.com'),
       ('Reyna Carslake', 'rcarslake46@indiegogo.com'),
       ('Ferrell Jude', 'fjude47@cbc.ca'),
       ('Perle Cullington', 'pcullington48@bluehost.com'),
       ('Sharai Ceschelli', 'sceschelli49@archive.org'),
       ('Betti Dawdry', 'bdawdry4a@theguardian.com'),
       ('Morlee Londer', 'mlonder4b@omniture.com'),
       ('Torey Parkhouse', 'tparkhouse4c@joomla.org'),
       ('Dorise Evert', 'devert4d@ask.com'),
       ('Desmund Bodycomb', 'dbodycomb4e@noaa.gov'),
       ('Abe Jindrich', 'ajindrich4f@fema.gov'),
       ('Arlyn Ary', 'aary4g@nytimes.com'),
       ('Allie Baston', 'abaston4h@aol.com'),
       ('Olag Passie', 'opassie4i@addtoany.com'),
       ('Gwenny Stilgoe', 'gstilgoe4j@pagesperso-orange.fr'),
       ('Lindy Cropper', 'lcropper4k@answers.com'),
       ('Zebadiah Laker', 'zlaker4l@slideshare.net'),
       ('Mira Ashtonhurst', 'mashtonhurst4m@spiegel.de'),
       ('Teodor Weadick', 'tweadick4n@gizmodo.com'),
       ('Rey Hair', 'rhair4o@mozilla.org'),
       ('Lauretta Oxburgh', 'loxburgh4p@geocities.jp'),
       ('Winston Longwood', 'wlongwood4q@addthis.com'),
       ('Brigg Fennelly', 'bfennelly4r@un.org'),
       ('Cecilla Mitrikhin', 'cmitrikhin4s@earthlink.net'),
       ('Phebe Syddie', 'psyddie4t@youtu.be'),
       ('Nataline Gannicott', 'ngannicott4u@joomla.org'),
       ('Lauryn Dalrymple', 'ldalrymple4v@netvibes.com'),
       ('Elle Aslum', 'easlum4w@ft.com'),
       ('Ericha Swithenby', 'eswithenby4x@friendfeed.com'),
       ('Kayley Paget', 'kpaget4y@bbc.co.uk'),
       ('Cherrita De Antoni', 'cde4z@house.gov'),
       ('Arlene Sygroves', 'asygroves50@seattletimes.com'),
       ('Trude Moulsdall', 'tmoulsdall51@deviantart.com'),
       ('Dorree Darwent', 'ddarwent52@123-reg.co.uk'),
       ('Theresa Theyer', 'ttheyer53@paypal.com'),
       ('Leandra Mawtus', 'lmawtus54@techcrunch.com'),
       ('Mirelle Jasper', 'mjasper55@elpais.com'),
       ('Rochester Jiruch', 'rjiruch56@unicef.org'),
       ('Norean Lavell', 'nlavell57@tiny.cc'),
       ('Marcy Shaddick', 'mshaddick58@amazon.co.uk'),
       ('Truda Butland', 'tbutland59@arstechnica.com'),
       ('Elwyn Bamb', 'ebamb5a@gnu.org'),
       ('Royall Royson', 'rroyson5b@timesonline.co.uk'),
       ('Roley Dilworth', 'rdilworth5c@php.net'),
       ('Orland Lerwill', 'olerwill5d@imgur.com'),
       ('Mada Bushrod', 'mbushrod5e@hp.com'),
       ('Chelsae Jerzak', 'cjerzak5f@ucsd.edu'),
       ('Theodora Segrott', 'tsegrott5g@alibaba.com'),
       ('Ambrosio Oxford', 'aoxford5h@goodreads.com'),
       ('Gray Forsaith', 'gforsaith5i@nbcnews.com'),
       ('Bernice Bromley', 'bbromley5j@uol.com.br'),
       ('Kylila Winsiowiecki', 'kwinsiowiecki5k@amazonaws.com'),
       ('Estevan Couch', 'ecouch5l@reuters.com'),
       ('Nathanil Goundry', 'ngoundry5m@nyu.edu'),
       ('Clair Bossingham', 'cbossingham5n@reference.com'),
       ('Leigha Klaffs', 'lklaffs5o@google.ca'),
       ('Osbourne Harbert', 'oharbert5p@opensource.org'),
       ('Dori Bayford', 'dbayford5q@cnet.com'),
       ('Agnes Kinningley', 'akinningley5r@foxnews.com'),
       ('Serena Symon', 'ssymon5s@soundcloud.com'),
       ('Evie Carmichael', 'ecarmichael5t@answers.com'),
       ('Charita Bielfeld', 'cbielfeld5u@vistaprint.com'),
       ('Johannes Dri', 'jdri5v@over-blog.com'),
       ('Quintilla Stapells', 'qstapells5w@prnewswire.com'),
       ('Lissie Bushen', 'lbushen5x@homestead.com'),
       ('Sean Ventum', 'sventum5y@nasa.gov'),
       ('Elnar O''Lahy', 'eolahy5z@cbslocal.com'),
       ('Carol Hughlock', 'chughlock60@mashable.com'),
       ('Coral Hedling', 'chedling61@homestead.com'),
       ('Carny Calderbank', 'ccalderbank62@who.int'),
       ('Elset Reddington', 'ereddington63@cisco.com'),
       ('Priscella Elce', 'pelce64@t-online.de'),
       ('Jayme Santon', 'jsanton65@businessweek.com'),
       ('Gisele Skahill', 'gskahill66@omniture.com'),
       ('Kameko Andreotti', 'kandreotti67@amazon.co.jp'),
       ('Darelle Nockles', 'dnockles68@feedburner.com'),
       ('Marten Twining', 'mtwining69@dailymotion.com'),
       ('Ezechiel Zanuciolii', 'ezanuciolii6a@flickr.com'),
       ('Jeffie Norfolk', 'jnorfolk6b@samsung.com'),
       ('Arni Llopis', 'allopis6c@qq.com'),
       ('Art Atkirk', 'aatkirk6d@cbsnews.com'),
       ('Rubin Kirkhouse', 'rkirkhouse6e@loc.gov'),
       ('Charlotte Brecher', 'cbrecher6f@istockphoto.com'),
       ('Sansone Fadian', 'sfadian6g@craigslist.org'),
       ('Thedric Sunock', 'tsunock6h@163.com'),
       ('Wallis Brugden', 'wbrugden6i@nydailynews.com'),
       ('Katinka Portt', 'kportt6j@sakura.ne.jp'),
       ('Zachariah Edgett', 'zedgett6k@dailymail.co.uk'),
       ('Anthia Ackrill', 'aackrill6l@sfgate.com'),
       ('Jens Menchenton', 'jmenchenton6m@newsvine.com'),
       ('Irwin Noe', 'inoe6n@dion.ne.jp'),
       ('Kerry Snar', 'ksnar6o@paypal.com'),
       ('Haywood Winsborrow', 'hwinsborrow6p@constantcontact.com'),
       ('Maighdiln McCleod', 'mmccleod6q@walmart.com'),
       ('Evita Levett', 'elevett6r@qq.com'),
       ('Lazaro Badcock', 'lbadcock6s@altervista.org'),
       ('Marcy Sockell', 'msockell6t@ted.com'),
       ('Angie Milier', 'amilier6u@eventbrite.com'),
       ('Tammie Snugg', 'tsnugg6v@reference.com'),
       ('Bayard Ivic', 'bivic6w@huffingtonpost.com'),
       ('Cassandry Eam', 'ceam6x@yandex.ru'),
       ('Allen Bockmann', 'abockmann6y@icq.com'),
       ('Devon Quodling', 'dquodling6z@flavors.me'),
       ('Twila Allner', 'tallner70@elpais.com'),
       ('Lynette Durdan', 'ldurdan71@constantcontact.com'),
       ('Harlie Comi', 'hcomi72@paypal.com'),
       ('Halli Stirley', 'hstirley73@admin.ch'),
       ('Brita Ainscough', 'bainscough74@economist.com'),
       ('Kirsteni Litterick', 'klitterick75@foxnews.com'),
       ('Gayle Hartfield', 'ghartfield76@xinhuanet.com'),
       ('Car Curtis', 'ccurtis77@icio.us'),
       ('Kain Dadson', 'kdadson78@ucoz.com'),
       ('Bern Galbreath', 'bgalbreath79@vk.com'),
       ('Neron Natt', 'nnatt7a@clickbank.net'),
       ('Conni Pannaman', 'cpannaman7b@jiathis.com'),
       ('Kai Bootland', 'kbootland7c@parallels.com'),
       ('Renae Randall', 'rrandall7d@barnesandnoble.com'),
       ('Delano Basezzi', 'dbasezzi7e@bizjournals.com'),
       ('Arnie Diplock', 'adiplock7f@fastcompany.com'),
       ('Standford Sankey', 'ssankey7g@cbc.ca'),
       ('Justinian O''Sheeryne', 'josheeryne7h@simplemachines.org'),
       ('Alvinia Dowty', 'adowty7i@scientificamerican.com'),
       ('Douglas Lebbon', 'dlebbon7j@wired.com'),
       ('Maximilianus Rasor', 'mrasor7k@engadget.com'),
       ('Elisabet Anthona', 'eanthona7l@wordpress.org'),
       ('Mallorie Preist', 'mpreist7m@hud.gov'),
       ('Amargo Monteaux', 'amonteaux7n@narod.ru'),
       ('Genevieve Treweke', 'gtreweke7o@deviantart.com'),
       ('Eberhard Blanche', 'eblanche7p@salon.com'),
       ('Peadar Haucke', 'phaucke7q@squarespace.com'),
       ('Glennis Roebottom', 'groebottom7r@linkedin.com'),
       ('Westbrooke Claughton', 'wclaughton7s@unc.edu'),
       ('Denney Prott', 'dprott7t@paypal.com'),
       ('Winston Fryett', 'wfryett7u@skype.com'),
       ('Standford Meindl', 'smeindl7v@hexun.com'),
       ('Carmelita Cammocke', 'ccammocke7w@accuweather.com'),
       ('Dulcine Phillip', 'dphillip7x@lulu.com'),
       ('Phil Airey', 'pairey7y@businessinsider.com'),
       ('Chase Legrice', 'clegrice7z@quantcast.com'),
       ('La verne Alphonso', 'lverne80@google.ru'),
       ('Carolyn Picopp', 'cpicopp81@etsy.com'),
       ('Dene Gallety', 'dgallety82@elegantthemes.com'),
       ('Munmro Bachs', 'mbachs83@wiley.com'),
       ('Robinet Hamblin', 'rhamblin84@columbia.edu'),
       ('Kalila Skillington', 'kskillington85@craigslist.org'),
       ('Lorin Moneypenny', 'lmoneypenny86@cisco.com'),
       ('Kincaid Radbond', 'kradbond87@webnode.com'),
       ('Leonidas Scotney', 'lscotney88@discuz.net'),
       ('Lothario Van Dalen', 'lvan89@disqus.com'),
       ('Piper Colliar', 'pcolliar8a@sfgate.com'),
       ('Paulette Pilfold', 'ppilfold8b@paypal.com'),
       ('Lotte Cockrem', 'lcockrem8c@twitter.com'),
       ('Sybil Aronoff', 'saronoff8d@jigsy.com'),
       ('Marcello Harlett', 'mharlett8e@pcworld.com'),
       ('Efrem Bierling', 'ebierling8f@icq.com'),
       ('Adolpho Vern', 'avern8g@blogger.com'),
       ('Erma Dahl', 'edahl8h@qq.com'),
       ('Mame Birbeck', 'mbirbeck8i@time.com'),
       ('Leesa Kiellor', 'lkiellor8j@cloudflare.com'),
       ('Maximilian Kennler', 'mkennler8k@goodreads.com'),
       ('Ase Olenin', 'aolenin8l@csmonitor.com'),
       ('Brooke Romushkin', 'bromushkin8m@123-reg.co.uk'),
       ('Durand Faithfull', 'dfaithfull8n@mozilla.com'),
       ('Edythe Denisyuk', 'edenisyuk8o@163.com'),
       ('Doralin Broadnicke', 'dbroadnicke8p@tuttocitta.it'),
       ('Betta Le Jean', 'ble8q@jiathis.com'),
       ('Donielle Danskine', 'ddanskine8r@typepad.com'),
       ('Katherina Boswell', 'kboswell8s@rediff.com'),
       ('Chas Wisher', 'cwisher8t@cbslocal.com'),
       ('Jeralee McGinney', 'jmcginney8u@yellowbook.com'),
       ('Chet Clendening', 'cclendening8v@skype.com'),
       ('Smitty Glyne', 'sglyne8w@opensource.org'),
       ('Nealon Braidman', 'nbraidman8x@xinhuanet.com'),
       ('Ricky McAlister', 'rmcalister8y@wufoo.com'),
       ('Marjy Teasell', 'mteasell8z@slate.com'),
       ('Randee Duinbleton', 'rduinbleton90@blogspot.com'),
       ('Wylie Ide', 'wide91@mediafire.com'),
       ('Brittne Dunne', 'bdunne92@seattletimes.com'),
       ('Cynde Tiffany', 'ctiffany93@reference.com'),
       ('Joscelin Londors', 'jlondors94@illinois.edu'),
       ('Saba Bitten', 'sbitten95@g.co'),
       ('Pegeen Dufton', 'pdufton96@mysql.com'),
       ('Baillie Filkin', 'bfilkin97@xing.com'),
       ('Artur Eyckelbeck', 'aeyckelbeck98@seesaa.net'),
       ('Gregoor Goor', 'ggoor99@moonfruit.com'),
       ('Murielle Gaughan', 'mgaughan9a@nps.gov'),
       ('Korrie Borge', 'kborge9b@yellowpages.com'),
       ('Shane Linford', 'slinford9c@indiatimes.com'),
       ('Nettie Farry', 'nfarry9d@yandex.ru'),
       ('Gian Cheal', 'gcheal9e@newyorker.com'),
       ('Francesca Shelvey', 'fshelvey9f@springer.com'),
       ('Martin Lipp', 'mlipp9g@gov.uk'),
       ('Brett Wardel', 'bwardel9h@dot.gov'),
       ('Gaspar Thiem', 'gthiem9i@sakura.ne.jp'),
       ('Hannah MacMakin', 'hmacmakin9j@ebay.com'),
       ('Katharine Taffurelli', 'ktaffurelli9k@cnn.com'),
       ('Augustina Hirtz', 'ahirtz9l@tripod.com'),
       ('Noelyn Cockrell', 'ncockrell9m@dot.gov'),
       ('Meredithe Doughill', 'mdoughill9n@npr.org'),
       ('Ricki Goymer', 'rgoymer9o@prlog.org'),
       ('Martguerita Simister', 'msimister9p@yandex.ru'),
       ('Bealle Bautiste', 'bbautiste9q@geocities.jp'),
       ('Rebeka Simoens', 'rsimoens9r@mayoclinic.com'),
       ('Vasily Sweating', 'vsweating9s@about.com'),
       ('Burke Boissieux', 'bboissieux9t@comsenz.com'),
       ('Chariot Gorling', 'cgorling9u@ucsd.edu'),
       ('Kym Kermitt', 'kkermitt9v@cafepress.com'),
       ('Jacenta Shippey', 'jshippey9w@naver.com'),
       ('Maritsa Frankis', 'mfrankis9x@ezinearticles.com'),
       ('Shay Ivchenko', 'sivchenko9y@jigsy.com'),
       ('Vasilis Amis', 'vamis9z@t-online.de'),
       ('Margarita Yeardsley', 'myeardsleya0@illinois.edu'),
       ('Lawry Rodinger', 'lrodingera1@amazon.de'),
       ('Zacharie Vineall', 'zvinealla2@e-recht24.de'),
       ('Ardyth Greger', 'agregera3@twitpic.com'),
       ('Dannel Frank', 'dfranka4@europa.eu'),
       ('Pietro Kempstone', 'pkempstonea5@washingtonpost.com'),
       ('Amata Mulvey', 'amulveya6@barnesandnoble.com'),
       ('Sibley O''Keeffe', 'sokeeffea7@bloomberg.com'),
       ('Magnum Luckes', 'mluckesa8@gravatar.com'),
       ('Ozzie Rogerson', 'orogersona9@jiathis.com'),
       ('Rudolf Colloff', 'rcolloffaa@europa.eu'),
       ('Cory Clutram', 'cclutramab@dell.com'),
       ('Andris Goodenough', 'agoodenoughac@weather.com'),
       ('Currey Cartlidge', 'ccartlidgead@wiley.com'),
       ('Chrissie Wixey', 'cwixeyae@purevolume.com'),
       ('Anne-corinne Popham', 'apophamaf@msn.com'),
       ('Rolph Eppson', 'reppsonag@blogger.com'),
       ('Darbie Kunzel', 'dkunzelah@google.co.uk'),
       ('Lenci Wigginton', 'lwiggintonai@webeden.co.uk'),
       ('Peirce Knibley', 'pknibleyaj@nature.com'),
       ('Judith Attac', 'jattacak@arstechnica.com'),
       ('Sheeree Junkin', 'sjunkinal@china.com.cn'),
       ('Elysee Drewe', 'edreweam@dyndns.org'),
       ('Heddi Swinbourne', 'hswinbournean@tmall.com'),
       ('Albert Dodson', 'adodsonao@yellowpages.com'),
       ('Karlis Warcup', 'kwarcupap@icq.com'),
       ('Sax Bilbrey', 'sbilbreyaq@psu.edu'),
       ('Winne Breeze', 'wbreezear@vistaprint.com'),
       ('Rosco Gozzard', 'rgozzardas@instagram.com'),
       ('Karlie Lathleiffure', 'klathleiffureat@icq.com'),
       ('Gwynne Beirne', 'gbeirneau@cornell.edu'),
       ('Jessi Issacoff', 'jissacoffav@freewebs.com'),
       ('Marcelia Killen', 'mkillenaw@myspace.com'),
       ('Corene Streetfield', 'cstreetfieldax@ted.com'),
       ('Tildy Lawlan', 'tlawlanay@addthis.com'),
       ('Rosmunda Jaumet', 'rjaumetaz@shinystat.com'),
       ('Munmro Murch', 'mmurchb0@histats.com'),
       ('Phillip Deftie', 'pdeftieb1@cocolog-nifty.com'),
       ('Lorine Eliot', 'leliotb2@globo.com'),
       ('Neel Olliffe', 'nolliffeb3@gnu.org'),
       ('Lilllie Craker', 'lcrakerb4@narod.ru'),
       ('Star Philippsohn', 'sphilippsohnb5@nature.com'),
       ('Whitney Dawber', 'wdawberb6@technorati.com'),
       ('Charis Venediktov', 'cvenediktovb7@slate.com'),
       ('Minetta Nordass', 'mnordassb8@sina.com.cn'),
       ('Jillana Broadwell', 'jbroadwellb9@cbc.ca'),
       ('Britt Dain', 'bdainba@cnbc.com'),
       ('Claresta Brownbill', 'cbrownbillbb@phpbb.com'),
       ('Dale Tolmie', 'dtolmiebc@hud.gov'),
       ('Braden Cubberley', 'bcubberleybd@jalbum.net'),
       ('Alissa Clabburn', 'aclabburnbe@meetup.com'),
       ('Van Jacson', 'vjacsonbf@adobe.com'),
       ('Wenona Gland', 'wglandbg@moonfruit.com'),
       ('Dougy Smissen', 'dsmissenbh@goo.ne.jp'),
       ('Belinda Rangell', 'brangellbi@google.com.br'),
       ('Terry Pressman', 'tpressmanbj@marriott.com'),
       ('Nolly Luebbert', 'nluebbertbk@yahoo.co.jp'),
       ('Patrick Kliemke', 'pkliemkebl@dagondesign.com'),
       ('Gay Ramsden', 'gramsdenbm@fotki.com'),
       ('Rayshell Duny', 'rdunybn@topsy.com'),
       ('Joni Firebrace', 'jfirebracebo@privacy.gov.au'),
       ('Pepillo Quarlis', 'pquarlisbp@nytimes.com'),
       ('Doe Patullo', 'dpatullobq@admin.ch'),
       ('Rafaello Behling', 'rbehlingbr@weebly.com'),
       ('Elise Fenney', 'efenneybs@java.com'),
       ('Dayna O''Lennachain', 'dolennachainbt@sciencedirect.com'),
       ('Edeline Daunay', 'edaunaybu@mapy.cz'),
       ('Shantee Petrolli', 'spetrollibv@nsw.gov.au'),
       ('Ellen Saul', 'esaulbw@google.com'),
       ('Allyn Abbison', 'aabbisonbx@noaa.gov'),
       ('Rudiger Bernaldez', 'rbernaldezby@indiegogo.com'),
       ('Kahlil Schooley', 'kschooleybz@xrea.com'),
       ('Billy Newens', 'bnewensc0@vimeo.com'),
       ('Kati Fitzroy', 'kfitzroyc1@constantcontact.com'),
       ('Arlinda Capron', 'acapronc2@360.cn'),
       ('Pru Sutterfield', 'psutterfieldc3@seattletimes.com'),
       ('Linnet Johns', 'ljohnsc4@microsoft.com'),
       ('Cordie Taudevin', 'ctaudevinc5@google.fr'),
       ('Candis Cussons', 'ccussonsc6@oaic.gov.au'),
       ('Gertrude Hegley', 'ghegleyc7@indiegogo.com'),
       ('Leslie Stille', 'lstillec8@cdc.gov'),
       ('Cheston Hibbart', 'chibbartc9@amazon.com'),
       ('Winny Lodo', 'wlodoca@uiuc.edu'),
       ('Mora Pasquale', 'mpasqualecb@ucsd.edu'),
       ('Udell Monelli', 'umonellicc@go.com'),
       ('Gerhardt O''dell', 'godellcd@spiegel.de'),
       ('Dill Bailess', 'dbailessce@comsenz.com'),
       ('Taylor Jessep', 'tjessepcf@etsy.com'),
       ('Antoinette Cullip', 'acullipcg@wufoo.com'),
       ('Tomas Gully', 'tgullych@ezinearticles.com'),
       ('Alia Kilrow', 'akilrowci@dailymail.co.uk'),
       ('Linc Alennikov', 'lalennikovcj@europa.eu'),
       ('Lilias Paulsson', 'lpaulssonck@dion.ne.jp'),
       ('Desiri McGirl', 'dmcgirlcl@businessinsider.com'),
       ('Breanne Entwisle', 'bentwislecm@domainmarket.com'),
       ('Cad Sander', 'csandercn@umich.edu'),
       ('Dorolisa Moores', 'dmooresco@dedecms.com'),
       ('Meriel Eilhermann', 'meilhermanncp@wikimedia.org'),
       ('Rici Pineaux', 'rpineauxcq@oracle.com'),
       ('Dale Pagel', 'dpagelcr@jimdo.com'),
       ('Jillayne Warkup', 'jwarkupcs@newyorker.com'),
       ('Monica Towner', 'mtownerct@trellian.com'),
       ('Kyla Mayes', 'kmayescu@addthis.com'),
       ('Che Steeples', 'csteeplescv@eepurl.com'),
       ('Cesya Hanrott', 'chanrottcw@pbs.org'),
       ('Agathe Dikes', 'adikescx@pinterest.com'),
       ('Hiram Giorgi', 'hgiorgicy@smugmug.com'),
       ('Brigg Minchinton', 'bminchintoncz@utexas.edu'),
       ('Idalia Nansom', 'inansomd0@nymag.com'),
       ('Ivy Cattemull', 'icattemulld1@thetimes.co.uk'),
       ('Burty Melwall', 'bmelwalld2@nasa.gov'),
       ('Newton Cosgriff', 'ncosgriffd3@usda.gov'),
       ('Gradey Edgeson', 'gedgesond4@opera.com'),
       ('Nickola Farish', 'nfarishd5@prnewswire.com'),
       ('Lucas Chestle', 'lchestled6@sfgate.com'),
       ('Zebulon Steaning', 'zsteaningd7@china.com.cn'),
       ('Hersh De Hooch', 'hded8@123-reg.co.uk'),
       ('Doll Zanutti', 'dzanuttid9@blogs.com'),
       ('Prue Pace', 'ppaceda@wikia.com'),
       ('Norton Esland', 'neslanddb@archive.org'),
       ('Luella Antonowicz', 'lantonowiczdc@hp.com'),
       ('Falkner Nisius', 'fnisiusdd@kickstarter.com'),
       ('Gradey Grevatt', 'ggrevattde@discuz.net'),
       ('Junie Schettini', 'jschettinidf@hugedomains.com'),
       ('Cosmo Hovard', 'chovarddg@cbslocal.com'),
       ('Ignacius Hehnke', 'ihehnkedh@multiply.com'),
       ('Tanitansy Blissitt', 'tblissittdi@businesswire.com'),
       ('Nadia Kirwin', 'nkirwindj@amazon.com'),
       ('Raimondo Gerrard', 'rgerrarddk@mysql.com'),
       ('Kearney Biggam', 'kbiggamdl@techcrunch.com'),
       ('Joly Conachy', 'jconachydm@tripadvisor.com'),
       ('Barris Laker', 'blakerdn@fc2.com'),
       ('Merwyn Onthank', 'monthankdo@shinystat.com'),
       ('Aurlie Schuelcke', 'aschuelckedp@ehow.com'),
       ('Lucio Ludlamme', 'lludlammedq@loc.gov'),
       ('Stephenie Flanders', 'sflandersdr@howstuffworks.com'),
       ('Margalo Crowden', 'mcrowdends@apple.com'),
       ('Cos Le Blanc', 'cledt@telegraph.co.uk'),
       ('Filmore Jiroutek', 'fjiroutekdu@soundcloud.com'),
       ('Louise Malenfant', 'lmalenfantdv@blinklist.com'),
       ('Zach Emnoney', 'zemnoneydw@tripod.com'),
       ('Adah Papworth', 'apapworthdx@bigcartel.com'),
       ('Aylmer Dawby', 'adawbydy@themeforest.net'),
       ('Natka Woodcroft', 'nwoodcroftdz@geocities.jp'),
       ('Sherlocke Garn', 'sgarne0@virginia.edu'),
       ('Kean Franzman', 'kfranzmane1@google.es'),
       ('Samantha Dimnage', 'sdimnagee2@noaa.gov'),
       ('Vilhelmina Clawsley', 'vclawsleye3@ow.ly'),
       ('Stearn Parcells', 'sparcellse4@altervista.org'),
       ('Fawne Labusquiere', 'flabusquieree5@4shared.com'),
       ('Claudine Durden', 'cdurdene6@vkontakte.ru'),
       ('Charlena Prandoni', 'cprandonie7@google.com'),
       ('Marnie Howman', 'mhowmane8@stumbleupon.com'),
       ('Brynna Gergely', 'bgergelye9@biglobe.ne.jp'),
       ('Clary Goodburn', 'cgoodburnea@webeden.co.uk'),
       ('Prince Vickar', 'pvickareb@deliciousdays.com'),
       ('Lemmy Runnicles', 'lrunniclesec@dyndns.org'),
       ('Coriss Marde', 'cmardeed@geocities.com'),
       ('Darya Trembley', 'dtrembleyee@weebly.com'),
       ('Crissy Reisen', 'creisenef@edublogs.org'),
       ('Jobye Robardley', 'jrobardleyeg@mozilla.org'),
       ('Iain Colqueran', 'icolqueraneh@toplist.cz'),
       ('Dorthea Ulyatt', 'dulyattei@google.fr'),
       ('Cheri Bursell', 'cbursellej@ihg.com'),
       ('Kimberley McDiarmid', 'kmcdiarmidek@macromedia.com'),
       ('Angelika Vasser', 'avasserel@soundcloud.com'),
       ('Marisa Snashall', 'msnashallem@infoseek.co.jp'),
       ('Sayer Hames', 'shamesen@pinterest.com'),
       ('Granny Keeble', 'gkeebleeo@shareasale.com'),
       ('Sibylla Harron', 'sharronep@domainmarket.com'),
       ('Ellie Vernazza', 'evernazzaeq@merriam-webster.com'),
       ('Gizela Tolussi', 'gtolussier@accuweather.com'),
       ('Alfy Batterson', 'abattersones@businesswire.com'),
       ('Cookie Cridland', 'ccridlandet@gravatar.com'),
       ('Carlin Fewster', 'cfewstereu@usda.gov'),
       ('Billie Margaret', 'bmargaretev@businessinsider.com'),
       ('Bogart Brant', 'bbrantew@freewebs.com'),
       ('Lorant Hallut', 'lhallutex@hhs.gov'),
       ('Darcey Winkle', 'dwinkleey@constantcontact.com'),
       ('Ogdon Pirdy', 'opirdyez@a8.net'),
       ('Chantal Graveson', 'cgravesonf0@joomla.org'),
       ('Jobi Fortnum', 'jfortnumf1@theglobeandmail.com'),
       ('Blinnie Artz', 'bartzf2@zimbio.com'),
       ('Danell Salla', 'dsallaf3@cyberchimps.com'),
       ('Adara Peele', 'apeelef4@google.co.jp'),
       ('Zachary Nutt', 'znuttf5@facebook.com'),
       ('Kelvin Varfolomeev', 'kvarfolomeevf6@imdb.com'),
       ('Linnet Lethem', 'llethemf7@fda.gov'),
       ('Roderigo Kinson', 'rkinsonf8@apache.org'),
       ('Norene Kenwright', 'nkenwrightf9@msu.edu'),
       ('Ruthi Regnard', 'rregnardfa@networkadvertising.org'),
       ('Falkner Gosnall', 'fgosnallfb@redcross.org'),
       ('Natalie Kisby', 'nkisbyfc@forbes.com'),
       ('Lindy Stanbridge', 'lstanbridgefd@ycombinator.com'),
       ('Zeke Blinkhorn', 'zblinkhornfe@amazonaws.com'),
       ('Thorpe Yockney', 'tyockneyff@berkeley.edu'),
       ('Lilian Leale', 'llealefg@skype.com'),
       ('Gualterio Apple', 'gapplefh@cornell.edu'),
       ('Angeli Snalom', 'asnalomfi@example.com'),
       ('Torrie Bayne', 'tbaynefj@mapy.cz'),
       ('Wright Liebrecht', 'wliebrechtfk@businessweek.com'),
       ('Leah De Angelo', 'ldefl@lulu.com'),
       ('Leontine Frisby', 'lfrisbyfm@cdbaby.com'),
       ('Gennie Caulcott', 'gcaulcottfn@samsung.com'),
       ('Kathye Woodus', 'kwoodusfo@facebook.com'),
       ('Loretta Trevillion', 'ltrevillionfp@dagondesign.com'),
       ('Perla Airds', 'pairdsfq@quantcast.com'),
       ('Shaughn Aveling', 'savelingfr@phoca.cz'),
       ('Torrin Saur', 'tsaurfs@ehow.com'),
       ('Reeta Salisbury', 'rsalisburyft@apache.org'),
       ('Dollie Spencock', 'dspencockfu@drupal.org'),
       ('Ines Soigne', 'isoignefv@jugem.jp'),
       ('Maurita Reaney', 'mreaneyfw@msu.edu'),
       ('Karia Martugin', 'kmartuginfx@canalblog.com'),
       ('Tracee Bernli', 'tbernlify@mlb.com'),
       ('Carey Winchcum', 'cwinchcumfz@sfgate.com'),
       ('Garrek Lindenman', 'glindenmang0@shinystat.com'),
       ('Rica Meachan', 'rmeachang1@diigo.com'),
       ('Fey Ledrun', 'fledrung2@feedburner.com'),
       ('Em Hullah', 'ehullahg3@ask.com'),
       ('Phil Welbeck', 'pwelbeckg4@eventbrite.com'),
       ('Winslow Yablsley', 'wyablsleyg5@businesswire.com'),
       ('Joya Di Gregorio', 'jdig6@deliciousdays.com'),
       ('Rafe Ortes', 'rortesg7@jiathis.com'),
       ('Berny Lappine', 'blappineg8@quantcast.com'),
       ('Malcolm Bruntje', 'mbruntjeg9@biblegateway.com'),
       ('Kelsey MacMearty', 'kmacmeartyga@businessweek.com'),
       ('Fayette Nuton', 'fnutongb@free.fr'),
       ('Kerry Gernier', 'kgerniergc@tinypic.com'),
       ('Ken Riddlesden', 'kriddlesdengd@theglobeandmail.com'),
       ('Cori Riolfi', 'criolfige@weibo.com'),
       ('Chen Fishbie', 'cfishbiegf@behance.net'),
       ('Frederik Musla', 'fmuslagg@pen.io'),
       ('Arnaldo Doveston', 'adovestongh@walmart.com'),
       ('Rasia Valerio', 'rvaleriogi@tripadvisor.com'),
       ('Elora Serrier', 'eserriergj@wsj.com'),
       ('Bethanne Kennan', 'bkennangk@bloomberg.com'),
       ('Aurie Brambill', 'abrambillgl@squidoo.com'),
       ('Ros Mager', 'rmagergm@upenn.edu'),
       ('Lelia Verlinden', 'lverlindengn@prlog.org'),
       ('Susie Burrus', 'sburrusgo@arizona.edu'),
       ('Ross Allsobrook', 'rallsobrookgp@ehow.com'),
       ('Isabelle Kearney', 'ikearneygq@guardian.co.uk'),
       ('Pietro Bortolomei', 'pbortolomeigr@canalblog.com'),
       ('Odey Cawley', 'ocawleygs@stanford.edu'),
       ('Mignonne Blodgetts', 'mblodgettsgt@usnews.com'),
       ('Enid Henrot', 'ehenrotgu@chronoengine.com'),
       ('Ignatius Place', 'iplacegv@merriam-webster.com'),
       ('Jackelyn Foottit', 'jfoottitgw@mail.ru'),
       ('Ruthanne Buttfield', 'rbuttfieldgx@lulu.com'),
       ('Cornela Bywater', 'cbywatergy@w3.org'),
       ('Oliviero Harby', 'oharbygz@yale.edu'),
       ('Alta Gifford', 'agiffordh0@cdbaby.com'),
       ('Kellie Balassa', 'kbalassah1@php.net'),
       ('Dana Esterbrook', 'desterbrookh2@people.com.cn'),
       ('Harmon Heindle', 'hheindleh3@dailymotion.com'),
       ('Geoffry Long', 'glongh4@telegraph.co.uk'),
       ('Reginald Ellaman', 'rellamanh5@liveinternet.ru'),
       ('Susanna Luddy', 'sluddyh6@nymag.com'),
       ('Evin Ivakin', 'eivakinh7@bluehost.com'),
       ('Tabatha Chifney', 'tchifneyh8@amazon.co.uk'),
       ('Mommy Hufton', 'mhuftonh9@amazonaws.com'),
       ('Tresa Motten', 'tmottenha@mtv.com'),
       ('Maryanne Lettsom', 'mlettsomhb@furl.net'),
       ('Jamey Itzkin', 'jitzkinhc@addtoany.com'),
       ('Johny Shoebottom', 'jshoebottomhd@so-net.ne.jp'),
       ('Ike Trotman', 'itrotmanhe@php.net'),
       ('Ara Tomaskov', 'atomaskovhf@live.com'),
       ('Amandi Yurasov', 'ayurasovhg@java.com'),
       ('Romola Kittiman', 'rkittimanhh@illinois.edu'),
       ('Eliot Greener', 'egreenerhi@amazon.com'),
       ('Berkeley Segoe', 'bsegoehj@scientificamerican.com'),
       ('Falkner Ivanchov', 'fivanchovhk@cdc.gov'),
       ('Zaria Scollan', 'zscollanhl@godaddy.com'),
       ('Jeff Campsall', 'jcampsallhm@auda.org.au'),
       ('Fanechka Halloran', 'fhalloranhn@delicious.com'),
       ('Irwin Rabjohns', 'irabjohnsho@scientificamerican.com'),
       ('Darbee Fifield', 'dfifieldhp@webnode.com'),
       ('Becca Joynes', 'bjoyneshq@shareasale.com'),
       ('Maria Beagles', 'mbeagleshr@a8.net'),
       ('Durand Casswell', 'dcasswellhs@nature.com'),
       ('Martica Audas', 'maudasht@dagondesign.com'),
       ('Lesley Klamman', 'lklammanhu@nbcnews.com'),
       ('Benni Texton', 'btextonhv@t.co'),
       ('Brantley Olivo', 'bolivohw@java.com'),
       ('Elly Tibbles', 'etibbleshx@unesco.org'),
       ('Nannie Tremmel', 'ntremmelhy@unblog.fr'),
       ('Darda Randalson', 'drandalsonhz@example.com'),
       ('Philis Hagyard', 'phagyardi0@paginegialle.it'),
       ('Nickie Yurygyn', 'nyurygyni1@usda.gov'),
       ('Claudine Westnedge', 'cwestnedgei2@columbia.edu'),
       ('Brendon Pfeifer', 'bpfeiferi3@vistaprint.com'),
       ('Lindsy MacGilrewy', 'lmacgilrewyi4@smh.com.au'),
       ('Korie Vint', 'kvinti5@bbb.org'),
       ('Tallie Hugle', 'thuglei6@ed.gov'),
       ('Ursulina Pencot', 'upencoti7@webeden.co.uk'),
       ('Quint Hastelow', 'qhastelowi8@photobucket.com'),
       ('Seth Loftin', 'sloftini9@indiatimes.com'),
       ('Sonnnie Killock', 'skillockia@drupal.org'),
       ('Brigid Hawgood', 'bhawgoodib@gnu.org'),
       ('Geoffry Blitzer', 'gblitzeric@cocolog-nifty.com'),
       ('Clarke Krystek', 'ckrystekid@microsoft.com'),
       ('Peadar Giffkins', 'pgiffkinsie@mozilla.com'),
       ('Hyacintha Bryce', 'hbryceif@cargocollective.com'),
       ('Berget Matteoli', 'bmatteoliig@drupal.org'),
       ('Kale Hatterslay', 'khatterslayih@cdbaby.com'),
       ('Herrick Tsarovic', 'htsarovicii@forbes.com'),
       ('Olwen Crannage', 'ocrannageij@illinois.edu'),
       ('Lacey Forsaith', 'lforsaithik@adobe.com'),
       ('Sharona MacFadzean', 'smacfadzeanil@t-online.de'),
       ('Saw Rutter', 'srutterim@diigo.com'),
       ('Reggie Paulazzi', 'rpaulazziin@acquirethisname.com'),
       ('Shari Cawsby', 'scawsbyio@fotki.com'),
       ('Darby Passy', 'dpassyip@t-online.de'),
       ('Augie Minister', 'aministeriq@hhs.gov'),
       ('Nancie Goodey', 'ngoodeyir@soundcloud.com'),
       ('Augustina Harlowe', 'aharloweis@huffingtonpost.com'),
       ('Indira Rogier', 'irogierit@kickstarter.com'),
       ('Cleopatra Balleine', 'cballeineiu@craigslist.org'),
       ('Rhodia Piniur', 'rpiniuriv@ihg.com'),
       ('Lewiss Restill', 'lrestilliw@about.com'),
       ('Monro Salan', 'msalanix@google.com.hk'),
       ('Boigie Anear', 'baneariy@cbc.ca'),
       ('Luise Brinkler', 'lbrinkleriz@psu.edu'),
       ('Tamarah Pimblett', 'tpimblettj0@columbia.edu'),
       ('Catlin Banghe', 'cbanghej1@cnn.com'),
       ('Ameline Featherstone', 'afeatherstonej2@utexas.edu'),
       ('Casey Warkup', 'cwarkupj3@printfriendly.com'),
       ('Monte Jenking', 'mjenkingj4@google.nl'),
       ('Mathew Polly', 'mpollyj5@indiatimes.com'),
       ('Lia Syme', 'lsymej6@businessinsider.com'),
       ('Lynea Trayte', 'ltraytej7@sphinn.com'),
       ('Uta Witch', 'uwitchj8@illinois.edu'),
       ('Sharleen Burtwhistle', 'sburtwhistlej9@economist.com'),
       ('Vic Brittoner', 'vbrittonerja@networksolutions.com'),
       ('Gaile Walewicz', 'gwalewiczjb@addtoany.com'),
       ('Caresse Tenby', 'ctenbyjc@topsy.com'),
       ('Ilene McCleod', 'imccleodjd@indiegogo.com'),
       ('Thaxter Farlam', 'tfarlamje@aol.com'),
       ('Fania Brindle', 'fbrindlejf@bigcartel.com'),
       ('Andris Restall', 'arestalljg@tamu.edu'),
       ('Debera Le Batteur', 'dlejh@histats.com'),
       ('Beau Krolman', 'bkrolmanji@yahoo.co.jp'),
       ('Wallis Sharvell', 'wsharvelljj@sun.com'),
       ('Sylas Grabbam', 'sgrabbamjk@acquirethisname.com'),
       ('Cleve Bleythin', 'cbleythinjl@cnbc.com'),
       ('Nahum Gillion', 'ngillionjm@reddit.com'),
       ('Meghann Salan', 'msalanjn@cocolog-nifty.com'),
       ('Byrle Rilings', 'brilingsjo@com.com'),
       ('Lynette Jimmes', 'ljimmesjp@free.fr'),
       ('Esme Mablestone', 'emablestonejq@youtube.com'),
       ('Gennie Trustrie', 'gtrustriejr@dropbox.com'),
       ('Gray Darko', 'gdarkojs@ning.com'),
       ('Lindi Paggitt', 'lpaggittjt@vinaora.com'),
       ('Finlay Pentycross', 'fpentycrossju@eventbrite.com'),
       ('Pearl Hakonsen', 'phakonsenjv@foxnews.com'),
       ('Rice Filon', 'rfilonjw@illinois.edu'),
       ('Maison Barrows', 'mbarrowsjx@cafepress.com'),
       ('Don Burgis', 'dburgisjy@ihg.com'),
       ('Nesta Grece', 'ngrecejz@ow.ly'),
       ('Brendan Egiloff', 'begiloffk0@blogspot.com'),
       ('Anica Lunt', 'aluntk1@joomla.org'),
       ('Cosette Neary', 'cnearyk2@umich.edu'),
       ('Korey Fazackerley', 'kfazackerleyk3@sogou.com'),
       ('Arlena Vasiljevic', 'avasiljevick4@people.com.cn'),
       ('Norina Doerffer', 'ndoerfferk5@wix.com'),
       ('Aline Sappy', 'asappyk6@lulu.com'),
       ('Maurits Ferney', 'mferneyk7@stumbleupon.com'),
       ('Reeva Andreichik', 'randreichikk8@pcworld.com'),
       ('Theo Skaife', 'tskaifek9@w3.org'),
       ('Cortie Kenaway', 'ckenawayka@icq.com'),
       ('Henri Glison', 'hglisonkb@purevolume.com'),
       ('Orren Budnik', 'obudnikkc@freewebs.com'),
       ('Chrysler Attride', 'cattridekd@telegraph.co.uk'),
       ('Cleavland Di Matteo', 'cdike@phoca.cz'),
       ('Edmund Riggoll', 'eriggollkf@nba.com'),
       ('Hastie Freegard', 'hfreegardkg@ucsd.edu'),
       ('Lyn Vigar', 'lvigarkh@mediafire.com'),
       ('Hazel Tinklin', 'htinklinki@usnews.com'),
       ('Casper Benaine', 'cbenainekj@comcast.net'),
       ('Mirilla Mingaye', 'mmingayekk@wiley.com'),
       ('Indira Killiner', 'ikillinerkl@biblegateway.com'),
       ('Dana Curtoys', 'dcurtoyskm@dot.gov'),
       ('Heywood Maddison', 'hmaddisonkn@xrea.com'),
       ('Lora Riding', 'lridingko@deliciousdays.com'),
       ('Lezlie Trench', 'ltrenchkp@mtv.com'),
       ('Zenia Endley', 'zendleykq@marriott.com'),
       ('Jasmin Nason', 'jnasonkr@tmall.com'),
       ('Ferrel Cromer', 'fcromerks@constantcontact.com'),
       ('Julita Jedrzejewicz', 'jjedrzejewiczkt@globo.com'),
       ('Barney Tapply', 'btapplyku@time.com'),
       ('Cy Cleef', 'ccleefkv@ask.com'),
       ('Bobbie Boarder', 'bboarderkw@auda.org.au'),
       ('Wally Alford', 'walfordkx@latimes.com'),
       ('Amanda Breakey', 'abreakeyky@cisco.com'),
       ('Merrill Dawdry', 'mdawdrykz@imageshack.us'),
       ('Derron Goodfellowe', 'dgoodfellowel0@yellowbook.com'),
       ('Sibyl Domenicone', 'sdomeniconel1@ucoz.com'),
       ('Lethia Pinard', 'lpinardl2@is.gd'),
       ('Kath Druhan', 'kdruhanl3@techcrunch.com'),
       ('Emilia Aaronson', 'eaaronsonl4@4shared.com'),
       ('Dall Halkyard', 'dhalkyardl5@ucoz.com'),
       ('Antons Kobus', 'akobusl6@linkedin.com'),
       ('Sheeree Fruchon', 'sfruchonl7@artisteer.com'),
       ('Dorothee Roswarn', 'droswarnl8@dagondesign.com'),
       ('Marylynne Jorden', 'mjordenl9@networkadvertising.org'),
       ('Colver Petrol', 'cpetrolla@usda.gov'),
       ('Tybie Shewry', 'tshewrylb@goo.ne.jp'),
       ('Effie Danniell', 'edannielllc@parallels.com'),
       ('Kathlin Durden', 'kdurdenld@cloudflare.com'),
       ('Beret Dumpleton', 'bdumpletonle@dion.ne.jp'),
       ('Jeri Tedman', 'jtedmanlf@ehow.com'),
       ('Carolyne Karlowicz', 'ckarlowiczlg@networkadvertising.org'),
       ('Clem Yakunkin', 'cyakunkinlh@wsj.com'),
       ('Sherwin Zorro', 'szorroli@storify.com'),
       ('Elberta Heyball', 'eheyballlj@flavors.me'),
       ('Rebecca Breckenridge', 'rbreckenridgelk@wiley.com'),
       ('Garrik Macci', 'gmaccill@sphinn.com'),
       ('Ulrich Moon', 'umoonlm@blogtalkradio.com'),
       ('Orland Chaplyn', 'ochaplynln@wikia.com'),
       ('Cariotta Reese', 'creeselo@reference.com'),
       ('Zacharie Halpen', 'zhalpenlp@netscape.com'),
       ('Katharyn Billington', 'kbillingtonlq@cbc.ca'),
       ('Starla Prazor', 'sprazorlr@army.mil'),
       ('Cleo Lighterness', 'clighternessls@rambler.ru'),
       ('Renard Swaffield', 'rswaffieldlt@naver.com'),
       ('Margalo Strongman', 'mstrongmanlu@amazon.co.jp'),
       ('De witt Axelby', 'dwittlv@gmpg.org'),
       ('Flora Stroder', 'fstroderlw@cargocollective.com'),
       ('Hunter Frango', 'hfrangolx@narod.ru'),
       ('Peggie Milne', 'pmilnely@edublogs.org'),
       ('Corabel Wilstead', 'cwilsteadlz@privacy.gov.au'),
       ('Guenevere Ledgley', 'gledgleym0@hud.gov'),
       ('Curtice Tanman', 'ctanmanm1@purevolume.com'),
       ('Claus Loxley', 'cloxleym2@europa.eu'),
       ('Edin McConnachie', 'emcconnachiem3@cafepress.com'),
       ('Queenie Liddington', 'qliddingtonm4@macromedia.com'),
       ('Rich Jonah', 'rjonahm5@example.com'),
       ('Amandy Midghall', 'amidghallm6@vistaprint.com'),
       ('Lanna Fibbens', 'lfibbensm7@unc.edu'),
       ('Johna Pfertner', 'jpfertnerm8@ed.gov'),
       ('Keary Katzmann', 'kkatzmannm9@engadget.com'),
       ('Marcelline Crosgrove', 'mcrosgrovema@shareasale.com'),
       ('Magnum Korlat', 'mkorlatmb@etsy.com'),
       ('Estevan Bernot', 'ebernotmc@discuz.net'),
       ('Nicki Adolthine', 'nadolthinemd@answers.com'),
       ('Zebadiah Alastair', 'zalastairme@myspace.com'),
       ('Shea Bussy', 'sbussymf@ucoz.ru'),
       ('Helsa Samson', 'hsamsonmg@tripadvisor.com'),
       ('Truda Facher', 'tfachermh@unesco.org'),
       ('Liza Rooper', 'lroopermi@house.gov'),
       ('Julienne Wolfe', 'jwolfemj@privacy.gov.au'),
       ('Christopher Edge', 'cedgemk@addthis.com'),
       ('Keary Mapstone', 'kmapstoneml@boston.com'),
       ('Pavla MacDonnell', 'pmacdonnellmm@mediafire.com'),
       ('Iago Matz', 'imatzmn@addthis.com'),
       ('Gilberto Tidman', 'gtidmanmo@kickstarter.com'),
       ('Demeter Grimstead', 'dgrimsteadmp@example.com'),
       ('Iseabal Obbard', 'iobbardmq@craigslist.org'),
       ('Gabbi Key', 'gkeymr@amazon.co.jp'),
       ('Fairlie Peschmann', 'fpeschmannms@bizjournals.com'),
       ('Johan Butterfield', 'jbutterfieldmt@reuters.com'),
       ('Kesley Douty', 'kdoutymu@adobe.com'),
       ('Eugenius Woodwind', 'ewoodwindmv@indiatimes.com'),
       ('Reta De Michetti', 'rdemw@jiathis.com'),
       ('Neile Mc Dermid', 'nmcmx@icq.com'),
       ('Lowrance Yurkiewicz', 'lyurkiewiczmy@sohu.com'),
       ('Haslett Finkle', 'hfinklemz@lycos.com'),
       ('Cherise Hearthfield', 'chearthfieldn0@over-blog.com'),
       ('Wait Marcos', 'wmarcosn1@dion.ne.jp'),
       ('Alanna Haggerwood', 'ahaggerwoodn2@google.fr'),
       ('Raven Coie', 'rcoien3@reverbnation.com'),
       ('Buffy Blasdale', 'bblasdalen4@seattletimes.com'),
       ('Ginger Flaxman', 'gflaxmann5@ehow.com'),
       ('Danie Phillot', 'dphillotn6@free.fr'),
       ('Lilli Spight', 'lspightn7@friendfeed.com'),
       ('Ilse Gleasane', 'igleasanen8@clickbank.net'),
       ('Felicia Powderham', 'fpowderhamn9@comsenz.com'),
       ('Frederica Grand', 'fgrandna@blogger.com'),
       ('Dorie Edmonston', 'dedmonstonnb@unblog.fr'),
       ('Renard Authers', 'rauthersnc@wsj.com'),
       ('Sarajane Rosencrantz', 'srosencrantznd@illinois.edu'),
       ('Natividad Hynes', 'nhynesne@phpbb.com'),
       ('Terrijo Hiner', 'thinernf@google.com.br'),
       ('Randell Bage', 'rbageng@example.com'),
       ('Jere Kwiek', 'jkwieknh@t.co'),
       ('Etan Tucknutt', 'etucknuttni@purevolume.com'),
       ('Worthy Duffin', 'wduffinnj@sbwire.com'),
       ('Shae Galliford', 'sgallifordnk@51.la'),
       ('Maryjane Wolstencroft', 'mwolstencroftnl@youtu.be'),
       ('Rossy Laurie', 'rlaurienm@businessweek.com'),
       ('Cecilia Lammers', 'clammersnn@nih.gov'),
       ('Ryann O''Crevan', 'rocrevanno@buzzfeed.com'),
       ('Vidovik Dewing', 'vdewingnp@tinypic.com'),
       ('Ave Northrop', 'anorthropnq@cbsnews.com'),
       ('Rachael Eastgate', 'reastgatenr@guardian.co.uk'),
       ('Vince McKnockiter', 'vmcknockiterns@japanpost.jp'),
       ('Raimund Bage', 'rbagent@jigsy.com'),
       ('Ambros Woolbrook', 'awoolbrooknu@oaic.gov.au'),
       ('Rivi Aspole', 'raspolenv@dion.ne.jp'),
       ('Clayton Lodevick', 'clodevicknw@baidu.com'),
       ('Pepi Ilymanov', 'pilymanovnx@newsvine.com'),
       ('Kristoffer Menham', 'kmenhamny@utexas.edu'),
       ('Zachery Baltzar', 'zbaltzarnz@about.me'),
       ('Zondra Wildsmith', 'zwildsmitho0@bluehost.com'),
       ('Kym Fysh', 'kfysho1@barnesandnoble.com'),
       ('Eddy Pedrocchi', 'epedrocchio2@accuweather.com'),
       ('Damiano Bridgeland', 'dbridgelando3@is.gd'),
       ('Sinclair Pizer', 'spizero4@wufoo.com'),
       ('Melissa Toppin', 'mtoppino5@odnoklassniki.ru'),
       ('Minor Duke', 'mdukeo6@state.tx.us'),
       ('Almeta Lovick', 'alovicko7@shutterfly.com'),
       ('Shaina Pirouet', 'spiroueto8@about.com'),
       ('Blondelle Mundee', 'bmundeeo9@loc.gov'),
       ('Cindy Caulcutt', 'ccaulcuttoa@ucla.edu'),
       ('Duncan Milesap', 'dmilesapob@google.com.br'),
       ('Justin Finn', 'jfinnoc@gizmodo.com'),
       ('Keefe Spellworth', 'kspellworthod@nps.gov'),
       ('Ediva Cescoti', 'ecescotioe@utexas.edu'),
       ('Elnore Samper', 'esamperof@oracle.com'),
       ('Rayshell Bessent', 'rbessentog@harvard.edu'),
       ('Arlen Wrout', 'awroutoh@youtube.com'),
       ('Rory Trusty', 'rtrustyoi@google.pl'),
       ('Nealson Ciccoloi', 'nciccoloioj@hhs.gov'),
       ('Chantalle Barkes', 'cbarkesok@indiegogo.com'),
       ('Klemens Steere', 'ksteereol@google.it'),
       ('Benedetto Causnett', 'bcausnettom@boston.com'),
       ('Pat Hann', 'phannon@ibm.com'),
       ('Colby Warburton', 'cwarburtonoo@pbs.org'),
       ('Adda Romer', 'aromerop@cornell.edu'),
       ('Jobey Pye', 'jpyeoq@seattletimes.com'),
       ('Chrysler Bussetti', 'cbussettior@jalbum.net'),
       ('Trix Cereceres', 'tcereceresos@123-reg.co.uk'),
       ('Mahmud Eatherton', 'meathertonot@ebay.com'),
       ('Aida Wharby', 'awharbyou@theatlantic.com'),
       ('Hermia Liddard', 'hliddardov@constantcontact.com'),
       ('Bernard Adel', 'badelow@ucoz.com'),
       ('Linea Shutle', 'lshutleox@omniture.com'),
       ('Elwira Senett', 'esenettoy@sakura.ne.jp'),
       ('Hetty Ungerecht', 'hungerechtoz@discuz.net'),
       ('Rosanne Moncaster', 'rmoncasterp0@technorati.com'),
       ('Jeri Ketchen', 'jketchenp1@oaic.gov.au'),
       ('Goldie Whawell', 'gwhawellp2@bbb.org'),
       ('Bradney Danbye', 'bdanbyep3@barnesandnoble.com'),
       ('Durward O''Hartnedy', 'dohartnedyp4@bloomberg.com'),
       ('Birgit Rowan', 'browanp5@dagondesign.com'),
       ('Patric Cowser', 'pcowserp6@toplist.cz'),
       ('Price Feldhammer', 'pfeldhammerp7@e-recht24.de'),
       ('Jeanne Shawyer', 'jshawyerp8@sakura.ne.jp'),
       ('Basia Creighton', 'bcreightonp9@nyu.edu'),
       ('Sampson Stoker', 'sstokerpa@flickr.com'),
       ('Camile Conws', 'cconwspb@cdc.gov'),
       ('Cindra Caroline', 'ccarolinepc@meetup.com'),
       ('Barris Nestor', 'bnestorpd@google.com.hk'),
       ('Norma Millar', 'nmillarpe@squarespace.com'),
       ('Jeffie Pyvis', 'jpyvispf@so-net.ne.jp'),
       ('Buckie Maureen', 'bmaureenpg@miibeian.gov.cn'),
       ('Vail Haslegrave', 'vhaslegraveph@amazon.co.uk'),
       ('Albrecht Adamczyk', 'aadamczykpi@independent.co.uk'),
       ('Marielle Stealy', 'mstealypj@free.fr'),
       ('Keefe Hullah', 'khullahpk@ibm.com'),
       ('Ware Brader', 'wbraderpl@ed.gov'),
       ('Ashlee Laffranconi', 'alaffranconipm@sina.com.cn'),
       ('Marjorie Dibben', 'mdibbenpn@google.co.jp'),
       ('Curry O''Teague', 'coteaguepo@csmonitor.com'),
       ('Arther Saines', 'asainespp@sciencedaily.com'),
       ('Reinald Foulks', 'rfoulkspq@si.edu'),
       ('Vin Chastan', 'vchastanpr@digg.com'),
       ('Faustine Ordish', 'fordishps@jigsy.com'),
       ('Tim Agdahl', 'tagdahlpt@bloglovin.com'),
       ('Nathan De Filippis', 'ndepu@delicious.com'),
       ('Gibb Defrain', 'gdefrainpv@google.es'),
       ('Wang Jermyn', 'wjermynpw@domainmarket.com'),
       ('Scott Brodway', 'sbrodwaypx@youtu.be'),
       ('Ole Eckford', 'oeckfordpy@dailymail.co.uk'),
       ('Gayle Beedie', 'gbeediepz@sun.com'),
       ('Drusie Calken', 'dcalkenq0@nih.gov'),
       ('Buddy Tisor', 'btisorq1@phoca.cz'),
       ('Anny Riolfo', 'ariolfoq2@vinaora.com'),
       ('Crissy Hawksworth', 'chawksworthq3@technorati.com'),
       ('Norina Easseby', 'neassebyq4@oakley.com'),
       ('Seward Pethybridge', 'spethybridgeq5@symantec.com'),
       ('Brand Cuvley', 'bcuvleyq6@amazon.de'),
       ('Sloane Gauson', 'sgausonq7@liveinternet.ru'),
       ('Emilie Oaker', 'eoakerq8@dropbox.com'),
       ('Bartlett Gobel', 'bgobelq9@youku.com'),
       ('Gaby Molloy', 'gmolloyqa@paypal.com'),
       ('Zackariah McArley', 'zmcarleyqb@dailymotion.com'),
       ('Austine Spendlove', 'aspendloveqc@salon.com'),
       ('Abbye Bateman', 'abatemanqd@webnode.com'),
       ('Devina Kinde', 'dkindeqe@cnbc.com'),
       ('Erda Heathcoat', 'eheathcoatqf@myspace.com'),
       ('Earlie Lumbers', 'elumbersqg@samsung.com'),
       ('Marita Abazi', 'mabaziqh@ow.ly'),
       ('Hildegaard Elderkin', 'helderkinqi@umn.edu'),
       ('Fowler Cathee', 'fcatheeqj@livejournal.com'),
       ('Ring Fleischer', 'rfleischerqk@instagram.com'),
       ('Sydelle MacSweeney', 'smacsweeneyql@woothemes.com'),
       ('Addia Riggulsford', 'ariggulsfordqm@cbslocal.com'),
       ('Christoforo Purchon', 'cpurchonqn@wufoo.com'),
       ('Kip Binfield', 'kbinfieldqo@tiny.cc'),
       ('Philippine Grafton', 'pgraftonqp@acquirethisname.com'),
       ('Raimund Pagon', 'rpagonqq@hostgator.com'),
       ('Faina Bonafant', 'fbonafantqr@usnews.com'),
       ('Amargo Clements', 'aclementsqs@java.com'),
       ('Roscoe Skaif', 'rskaifqt@gov.uk'),
       ('Velvet Ibbitt', 'vibbittqu@ucoz.com'),
       ('Janis Habbin', 'jhabbinqv@reddit.com'),
       ('Ulrica Rymmer', 'urymmerqw@newsvine.com'),
       ('Jose Sutcliff', 'jsutcliffqx@barnesandnoble.com'),
       ('Henry Sansum', 'hsansumqy@timesonline.co.uk'),
       ('Modesty Clacson', 'mclacsonqz@storify.com'),
       ('Hedwiga Reeson', 'hreesonr0@oracle.com'),
       ('Cesya Wreford', 'cwrefordr1@nymag.com'),
       ('Horatio Mougel', 'hmougelr2@java.com'),
       ('Gonzales Lunbech', 'glunbechr3@dell.com'),
       ('Sherrie Josefovic', 'sjosefovicr4@histats.com'),
       ('Alberto Girt', 'agirtr5@php.net'),
       ('Igor Smales', 'ismalesr6@slideshare.net'),
       ('Gordie Cicchitello', 'gcicchitellor7@sun.com'),
       ('Maud Stempe', 'mstemper8@ning.com'),
       ('Chauncey Callum', 'ccallumr9@guardian.co.uk'),
       ('Nappy Kipling', 'nkiplingra@freewebs.com'),
       ('Neda Prozillo', 'nprozillorb@blogspot.com'),
       ('Kyle Sivess', 'ksivessrc@earthlink.net'),
       ('Man Yuranovev', 'myuranovevrd@shop-pro.jp'),
       ('Buddie Tuckley', 'btuckleyre@vistaprint.com'),
       ('Dionis Rubert', 'drubertrf@bloglines.com'),
       ('Drugi Stimson', 'dstimsonrg@samsung.com'),
       ('Cathyleen MacCallum', 'cmaccallumrh@google.de'),
       ('Beatrice Minett', 'bminettri@cafepress.com'),
       ('Corliss O''Corr', 'cocorrrj@opera.com'),
       ('Ivie Fairbourne', 'ifairbournerk@kickstarter.com'),
       ('Nilson Muat', 'nmuatrl@histats.com'),
       ('Bibbie Codd', 'bcoddrm@sogou.com'),
       ('Bliss Bremley', 'bbremleyrn@dmoz.org'),
       ('Doloritas Catley', 'dcatleyro@census.gov'),
       ('Selby Isaksen', 'sisaksenrp@ft.com'),
       ('Abra O''Scandall', 'aoscandallrq@wufoo.com'),
       ('Konstantin Woodroofe', 'kwoodrooferr@fema.gov')
GO

-- datos para cuentas -- generados con https://www.mockaroo.com/
INSERT INTO cuentas (numero_cuenta, usuario_id, tipo_cuenta)
VALUES (1, 553, 'fiducuenta'),
       (2, 89, 'otro'),
       (3, 698, 'fiducuenta'),
       (4, 700, 'fiducuenta'),
       (5, 148, 'otro'),
       (6, 717, 'fiducuenta'),
       (7, 735, 'credito'),
       (8, 953, 'debito'),
       (9, 536, 'fiducuenta'),
       (10, 99, 'debito'),
       (11, 249, 'otro'),
       (12, 237, 'debito'),
       (13, 423, 'fiducuenta'),
       (14, 894, 'fiducuenta'),
       (15, 476, 'fiducuenta'),
       (16, 952, 'otro'),
       (17, 477, 'fiducuenta'),
       (18, 646, 'otro'),
       (19, 657, 'fiducuenta'),
       (20, 68, 'debito'),
       (21, 505, 'debito'),
       (22, 407, 'debito'),
       (23, 538, 'debito'),
       (24, 981, 'credito'),
       (25, 46, 'otro'),
       (26, 110, 'fiducuenta'),
       (27, 402, 'debito'),
       (28, 313, 'fiducuenta'),
       (29, 396, 'debito'),
       (30, 658, 'fiducuenta'),
       (31, 498, 'fiducuenta'),
       (32, 59, 'credito'),
       (33, 2, 'credito'),
       (34, 496, 'fiducuenta'),
       (35, 703, 'fiducuenta'),
       (36, 929, 'otro'),
       (37, 89, 'debito'),
       (38, 124, 'otro'),
       (39, 789, 'debito'),
       (40, 626, 'otro'),
       (41, 569, 'debito'),
       (42, 30, 'credito'),
       (43, 267, 'otro'),
       (44, 171, 'debito'),
       (45, 248, 'credito'),
       (46, 144, 'credito'),
       (47, 173, 'otro'),
       (48, 378, 'otro'),
       (49, 272, 'fiducuenta'),
       (50, 956, 'fiducuenta'),
       (51, 618, 'fiducuenta'),
       (52, 981, 'debito'),
       (53, 542, 'otro'),
       (54, 198, 'otro'),
       (55, 207, 'debito'),
       (56, 97, 'credito'),
       (57, 866, 'credito'),
       (58, 909, 'debito'),
       (59, 344, 'fiducuenta'),
       (60, 45, 'otro'),
       (61, 282, 'fiducuenta'),
       (62, 423, 'credito'),
       (63, 531, 'otro'),
       (64, 793, 'credito'),
       (65, 779, 'credito'),
       (66, 855, 'fiducuenta'),
       (67, 403, 'otro'),
       (68, 551, 'debito'),
       (69, 307, 'debito'),
       (70, 138, 'fiducuenta'),
       (71, 392, 'otro'),
       (72, 384, 'otro'),
       (73, 596, 'fiducuenta'),
       (74, 374, 'otro'),
       (75, 115, 'otro'),
       (76, 316, 'otro'),
       (77, 180, 'debito'),
       (78, 615, 'otro'),
       (79, 848, 'otro'),
       (80, 478, 'debito'),
       (81, 859, 'credito'),
       (82, 156, 'fiducuenta'),
       (83, 684, 'debito'),
       (84, 981, 'credito'),
       (85, 389, 'credito'),
       (86, 774, 'credito'),
       (87, 862, 'debito'),
       (88, 625, 'otro'),
       (89, 170, 'debito'),
       (90, 628, 'otro'),
       (91, 568, 'credito'),
       (92, 581, 'otro'),
       (93, 467, 'credito'),
       (94, 219, 'fiducuenta'),
       (95, 342, 'otro'),
       (96, 574, 'fiducuenta'),
       (97, 695, 'fiducuenta'),
       (98, 468, 'credito'),
       (99, 688, 'credito'),
       (100, 358, 'fiducuenta'),
       (101, 953, 'otro'),
       (102, 319, 'debito'),
       (103, 988, 'debito'),
       (104, 770, 'fiducuenta'),
       (105, 243, 'fiducuenta'),
       (106, 17, 'credito'),
       (107, 743, 'otro'),
       (108, 467, 'debito'),
       (109, 610, 'otro'),
       (110, 430, 'debito'),
       (111, 695, 'otro'),
       (112, 662, 'debito'),
       (113, 991, 'fiducuenta'),
       (114, 309, 'otro'),
       (115, 839, 'debito'),
       (116, 736, 'debito'),
       (117, 139, 'debito'),
       (118, 990, 'debito'),
       (119, 218, 'credito'),
       (120, 796, 'otro'),
       (121, 602, 'otro'),
       (122, 847, 'credito'),
       (123, 693, 'otro'),
       (124, 831, 'debito'),
       (125, 439, 'otro'),
       (126, 85, 'otro'),
       (127, 571, 'debito'),
       (128, 521, 'credito'),
       (129, 30, 'debito'),
       (130, 827, 'fiducuenta'),
       (131, 736, 'debito'),
       (132, 457, 'credito'),
       (133, 721, 'fiducuenta'),
       (134, 389, 'fiducuenta'),
       (135, 84, 'credito'),
       (136, 909, 'fiducuenta'),
       (137, 312, 'credito'),
       (138, 302, 'fiducuenta'),
       (139, 857, 'fiducuenta'),
       (140, 261, 'fiducuenta'),
       (141, 415, 'credito'),
       (142, 47, 'debito'),
       (143, 513, 'debito'),
       (144, 766, 'otro'),
       (145, 559, 'credito'),
       (146, 580, 'otro'),
       (147, 345, 'otro'),
       (148, 990, 'fiducuenta'),
       (149, 85, 'fiducuenta'),
       (150, 690, 'credito'),
       (151, 894, 'debito'),
       (152, 543, 'debito'),
       (153, 311, 'credito'),
       (154, 711, 'otro'),
       (155, 356, 'fiducuenta'),
       (156, 687, 'fiducuenta'),
       (157, 562, 'debito'),
       (158, 24, 'credito'),
       (159, 642, 'debito'),
       (160, 844, 'debito'),
       (161, 637, 'debito'),
       (162, 573, 'credito'),
       (163, 701, 'debito'),
       (164, 874, 'credito'),
       (165, 879, 'fiducuenta'),
       (166, 53, 'credito'),
       (167, 476, 'fiducuenta'),
       (168, 816, 'fiducuenta'),
       (169, 67, 'otro'),
       (170, 113, 'debito'),
       (171, 286, 'otro'),
       (172, 866, 'otro'),
       (173, 310, 'fiducuenta'),
       (174, 879, 'debito'),
       (175, 735, 'credito'),
       (176, 598, 'fiducuenta'),
       (177, 229, 'otro'),
       (178, 411, 'credito'),
       (179, 886, 'otro'),
       (180, 708, 'otro'),
       (181, 270, 'debito'),
       (182, 29, 'fiducuenta'),
       (183, 334, 'debito'),
       (184, 568, 'otro'),
       (185, 97, 'credito'),
       (186, 460, 'fiducuenta'),
       (187, 984, 'credito'),
       (188, 745, 'debito'),
       (189, 486, 'debito'),
       (190, 675, 'credito'),
       (191, 763, 'credito'),
       (192, 602, 'credito'),
       (193, 940, 'fiducuenta'),
       (194, 216, 'fiducuenta'),
       (195, 241, 'fiducuenta'),
       (196, 926, 'debito'),
       (197, 840, 'fiducuenta'),
       (198, 752, 'debito'),
       (199, 777, 'fiducuenta'),
       (200, 211, 'otro'),
       (201, 962, 'fiducuenta'),
       (202, 365, 'fiducuenta'),
       (203, 426, 'fiducuenta'),
       (204, 185, 'credito'),
       (205, 736, 'otro'),
       (206, 479, 'debito'),
       (207, 300, 'debito'),
       (208, 944, 'fiducuenta'),
       (209, 689, 'credito'),
       (210, 915, 'debito'),
       (211, 241, 'debito'),
       (212, 309, 'debito'),
       (213, 251, 'fiducuenta'),
       (214, 410, 'otro'),
       (215, 634, 'credito'),
       (216, 515, 'credito'),
       (217, 895, 'otro'),
       (218, 893, 'debito'),
       (219, 111, 'otro'),
       (220, 260, 'credito'),
       (221, 113, 'fiducuenta'),
       (222, 247, 'debito'),
       (223, 216, 'fiducuenta'),
       (224, 82, 'debito'),
       (225, 675, 'otro'),
       (226, 243, 'credito'),
       (227, 774, 'fiducuenta'),
       (228, 162, 'fiducuenta'),
       (229, 562, 'otro'),
       (230, 757, 'debito'),
       (231, 944, 'credito'),
       (232, 782, 'debito'),
       (233, 733, 'fiducuenta'),
       (234, 549, 'fiducuenta'),
       (235, 165, 'fiducuenta'),
       (236, 810, 'credito'),
       (237, 480, 'otro'),
       (238, 990, 'fiducuenta'),
       (239, 21, 'fiducuenta'),
       (240, 952, 'fiducuenta'),
       (241, 29, 'credito'),
       (242, 662, 'fiducuenta'),
       (243, 360, 'fiducuenta'),
       (244, 305, 'debito'),
       (245, 49, 'otro'),
       (246, 817, 'fiducuenta'),
       (247, 668, 'credito'),
       (248, 740, 'otro'),
       (249, 904, 'fiducuenta'),
       (250, 416, 'fiducuenta'),
       (251, 146, 'otro'),
       (252, 842, 'credito'),
       (253, 298, 'credito'),
       (254, 6, 'credito'),
       (255, 748, 'credito'),
       (256, 374, 'fiducuenta'),
       (257, 153, 'debito'),
       (258, 23, 'credito'),
       (259, 381, 'debito'),
       (260, 753, 'otro'),
       (261, 416, 'fiducuenta'),
       (262, 997, 'otro'),
       (263, 393, 'otro'),
       (264, 701, 'debito'),
       (265, 356, 'debito'),
       (266, 521, 'credito'),
       (267, 382, 'otro'),
       (268, 744, 'debito'),
       (269, 580, 'credito'),
       (270, 268, 'otro'),
       (271, 572, 'debito'),
       (272, 782, 'otro'),
       (273, 992, 'debito'),
       (274, 536, 'debito'),
       (275, 527, 'debito'),
       (276, 546, 'otro'),
       (277, 864, 'debito'),
       (278, 519, 'credito'),
       (279, 853, 'debito'),
       (280, 394, 'otro'),
       (281, 839, 'otro'),
       (282, 709, 'credito'),
       (283, 560, 'fiducuenta'),
       (284, 580, 'otro'),
       (285, 855, 'credito'),
       (286, 721, 'fiducuenta'),
       (287, 406, 'debito'),
       (288, 135, 'fiducuenta'),
       (289, 837, 'fiducuenta'),
       (290, 145, 'debito'),
       (291, 486, 'credito'),
       (292, 922, 'fiducuenta'),
       (293, 243, 'credito'),
       (294, 189, 'otro'),
       (295, 634, 'otro'),
       (296, 261, 'credito'),
       (297, 534, 'fiducuenta'),
       (298, 92, 'otro'),
       (299, 898, 'fiducuenta'),
       (300, 390, 'debito'),
       (301, 947, 'debito'),
       (302, 373, 'fiducuenta'),
       (303, 89, 'otro'),
       (304, 879, 'fiducuenta'),
       (305, 862, 'otro'),
       (306, 128, 'debito'),
       (307, 561, 'debito'),
       (308, 41, 'credito'),
       (309, 681, 'otro'),
       (310, 566, 'debito'),
       (311, 259, 'otro'),
       (312, 443, 'debito'),
       (313, 900, 'credito'),
       (314, 342, 'debito'),
       (315, 777, 'otro'),
       (316, 60, 'debito'),
       (317, 989, 'credito'),
       (318, 794, 'otro'),
       (319, 170, 'debito'),
       (320, 485, 'fiducuenta'),
       (321, 130, 'fiducuenta'),
       (322, 920, 'credito'),
       (323, 416, 'credito'),
       (324, 266, 'credito'),
       (325, 596, 'debito'),
       (326, 258, 'credito'),
       (327, 271, 'fiducuenta'),
       (328, 471, 'credito'),
       (329, 290, 'credito'),
       (330, 541, 'debito'),
       (331, 178, 'debito'),
       (332, 967, 'credito'),
       (333, 531, 'credito'),
       (334, 999, 'fiducuenta'),
       (335, 568, 'otro'),
       (336, 998, 'credito'),
       (337, 252, 'otro'),
       (338, 785, 'fiducuenta'),
       (339, 787, 'otro'),
       (340, 398, 'debito'),
       (341, 95, 'debito'),
       (342, 98, 'fiducuenta'),
       (343, 584, 'fiducuenta'),
       (344, 95, 'credito'),
       (345, 300, 'fiducuenta'),
       (346, 555, 'otro'),
       (347, 164, 'fiducuenta'),
       (348, 351, 'otro'),
       (349, 491, 'fiducuenta'),
       (350, 66, 'fiducuenta'),
       (351, 864, 'debito'),
       (352, 225, 'fiducuenta'),
       (353, 412, 'debito'),
       (354, 436, 'fiducuenta'),
       (355, 568, 'credito'),
       (356, 956, 'debito'),
       (357, 925, 'debito'),
       (358, 469, 'otro'),
       (359, 767, 'otro'),
       (360, 724, 'debito'),
       (361, 897, 'otro'),
       (362, 460, 'credito'),
       (363, 657, 'otro'),
       (364, 304, 'credito'),
       (365, 882, 'credito'),
       (366, 907, 'otro'),
       (367, 17, 'otro'),
       (368, 834, 'credito'),
       (369, 386, 'otro'),
       (370, 481, 'credito'),
       (371, 652, 'fiducuenta'),
       (372, 706, 'credito'),
       (373, 617, 'fiducuenta'),
       (374, 436, 'credito'),
       (375, 638, 'fiducuenta'),
       (376, 25, 'fiducuenta'),
       (377, 777, 'otro'),
       (378, 555, 'otro'),
       (379, 492, 'credito'),
       (380, 739, 'credito'),
       (381, 661, 'otro'),
       (382, 871, 'debito'),
       (383, 865, 'credito'),
       (384, 341, 'credito'),
       (385, 956, 'otro'),
       (386, 992, 'otro'),
       (387, 86, 'credito'),
       (388, 65, 'otro'),
       (389, 917, 'credito'),
       (390, 178, 'otro'),
       (391, 944, 'otro'),
       (392, 245, 'debito'),
       (393, 140, 'fiducuenta'),
       (394, 248, 'fiducuenta'),
       (395, 326, 'otro'),
       (396, 154, 'otro'),
       (397, 51, 'otro'),
       (398, 721, 'otro'),
       (399, 469, 'debito'),
       (400, 238, 'fiducuenta'),
       (401, 970, 'credito'),
       (402, 771, 'fiducuenta'),
       (403, 15, 'credito'),
       (404, 777, 'debito'),
       (405, 283, 'credito'),
       (406, 777, 'credito'),
       (407, 960, 'credito'),
       (408, 638, 'credito'),
       (409, 274, 'fiducuenta'),
       (410, 95, 'credito'),
       (411, 771, 'debito'),
       (412, 297, 'debito'),
       (413, 919, 'debito'),
       (414, 443, 'fiducuenta'),
       (415, 299, 'fiducuenta'),
       (416, 667, 'credito'),
       (417, 53, 'fiducuenta'),
       (418, 127, 'fiducuenta'),
       (419, 793, 'fiducuenta'),
       (420, 702, 'credito'),
       (421, 329, 'debito'),
       (422, 897, 'otro'),
       (423, 435, 'fiducuenta'),
       (424, 516, 'debito'),
       (425, 783, 'otro'),
       (426, 982, 'debito'),
       (427, 737, 'otro'),
       (428, 814, 'otro'),
       (429, 863, 'debito'),
       (430, 241, 'fiducuenta'),
       (431, 227, 'debito'),
       (432, 353, 'fiducuenta'),
       (433, 68, 'otro'),
       (434, 66, 'debito'),
       (435, 907, 'otro'),
       (436, 658, 'debito'),
       (437, 575, 'credito'),
       (438, 598, 'otro'),
       (439, 164, 'credito'),
       (440, 79, 'debito'),
       (441, 724, 'credito'),
       (442, 985, 'credito'),
       (443, 910, 'debito'),
       (444, 793, 'debito'),
       (445, 832, 'credito'),
       (446, 411, 'debito'),
       (447, 560, 'credito'),
       (448, 913, 'fiducuenta'),
       (449, 875, 'otro'),
       (450, 779, 'otro'),
       (451, 723, 'otro'),
       (452, 364, 'otro'),
       (453, 535, 'debito'),
       (454, 783, 'fiducuenta'),
       (455, 206, 'credito'),
       (456, 311, 'credito'),
       (457, 303, 'debito'),
       (458, 43, 'debito'),
       (459, 482, 'debito'),
       (460, 810, 'fiducuenta'),
       (461, 430, 'debito'),
       (462, 11, 'otro'),
       (463, 801, 'credito'),
       (464, 948, 'debito'),
       (465, 764, 'fiducuenta'),
       (466, 323, 'fiducuenta'),
       (467, 521, 'otro'),
       (468, 396, 'otro'),
       (469, 101, 'debito'),
       (470, 745, 'debito'),
       (471, 271, 'otro'),
       (472, 578, 'otro'),
       (473, 342, 'otro'),
       (474, 596, 'credito'),
       (475, 700, 'debito'),
       (476, 926, 'credito'),
       (477, 550, 'debito'),
       (478, 126, 'fiducuenta'),
       (479, 752, 'fiducuenta'),
       (480, 759, 'otro'),
       (481, 373, 'otro'),
       (482, 833, 'otro'),
       (483, 291, 'otro'),
       (484, 111, 'debito'),
       (485, 260, 'fiducuenta'),
       (486, 179, 'credito'),
       (487, 82, 'fiducuenta'),
       (488, 333, 'fiducuenta'),
       (489, 950, 'otro'),
       (490, 526, 'debito'),
       (491, 19, 'otro'),
       (492, 126, 'credito'),
       (493, 126, 'debito'),
       (494, 507, 'otro'),
       (495, 319, 'debito'),
       (496, 627, 'debito'),
       (497, 625, 'fiducuenta'),
       (498, 88, 'credito'),
       (499, 333, 'credito'),
       (500, 585, 'debito'),
       (501, 231, 'credito'),
       (502, 935, 'otro'),
       (503, 552, 'fiducuenta'),
       (504, 329, 'credito'),
       (505, 713, 'debito'),
       (506, 867, 'credito'),
       (507, 836, 'debito'),
       (508, 58, 'fiducuenta'),
       (509, 953, 'otro'),
       (510, 519, 'otro'),
       (511, 647, 'fiducuenta'),
       (512, 306, 'credito'),
       (513, 296, 'debito'),
       (514, 1000, 'fiducuenta'),
       (515, 920, 'fiducuenta'),
       (516, 584, 'debito'),
       (517, 370, 'credito'),
       (518, 440, 'fiducuenta'),
       (519, 169, 'debito'),
       (520, 581, 'fiducuenta'),
       (521, 762, 'otro'),
       (522, 103, 'otro'),
       (523, 454, 'credito'),
       (524, 752, 'credito'),
       (525, 539, 'otro'),
       (526, 796, 'debito'),
       (527, 605, 'credito'),
       (528, 880, 'fiducuenta'),
       (529, 255, 'fiducuenta'),
       (530, 785, 'fiducuenta'),
       (531, 240, 'otro'),
       (532, 15, 'debito'),
       (533, 510, 'credito'),
       (534, 368, 'credito'),
       (535, 149, 'otro'),
       (536, 360, 'debito'),
       (537, 625, 'credito'),
       (538, 444, 'fiducuenta'),
       (539, 155, 'debito'),
       (540, 597, 'credito'),
       (541, 465, 'credito'),
       (542, 182, 'otro'),
       (543, 418, 'otro'),
       (544, 409, 'otro'),
       (545, 903, 'otro'),
       (546, 815, 'fiducuenta'),
       (547, 748, 'debito'),
       (548, 260, 'debito'),
       (549, 825, 'credito'),
       (550, 992, 'debito'),
       (551, 96, 'debito'),
       (552, 834, 'credito'),
       (553, 447, 'fiducuenta'),
       (554, 111, 'otro'),
       (555, 888, 'otro'),
       (556, 26, 'fiducuenta'),
       (557, 287, 'otro'),
       (558, 936, 'fiducuenta'),
       (559, 514, 'otro'),
       (560, 513, 'credito'),
       (561, 27, 'credito'),
       (562, 268, 'credito'),
       (563, 422, 'debito'),
       (564, 516, 'fiducuenta'),
       (565, 680, 'otro'),
       (566, 202, 'otro'),
       (567, 47, 'otro'),
       (568, 15, 'credito'),
       (569, 57, 'credito'),
       (570, 577, 'debito'),
       (571, 236, 'otro'),
       (572, 860, 'fiducuenta'),
       (573, 746, 'credito'),
       (574, 607, 'fiducuenta'),
       (575, 755, 'otro'),
       (576, 429, 'credito'),
       (577, 750, 'debito'),
       (578, 763, 'debito'),
       (579, 932, 'credito'),
       (580, 726, 'fiducuenta'),
       (581, 23, 'fiducuenta'),
       (582, 326, 'fiducuenta'),
       (583, 519, 'otro'),
       (584, 911, 'otro'),
       (585, 743, 'otro'),
       (586, 598, 'credito'),
       (587, 140, 'fiducuenta'),
       (588, 32, 'fiducuenta'),
       (589, 876, 'debito'),
       (590, 569, 'credito'),
       (591, 646, 'otro'),
       (592, 767, 'credito'),
       (593, 274, 'otro'),
       (594, 43, 'debito'),
       (595, 853, 'credito'),
       (596, 51, 'credito'),
       (597, 5, 'otro'),
       (598, 375, 'fiducuenta'),
       (599, 585, 'debito'),
       (600, 156, 'credito'),
       (601, 772, 'fiducuenta'),
       (602, 290, 'debito'),
       (603, 773, 'credito'),
       (604, 83, 'debito'),
       (605, 773, 'otro'),
       (606, 743, 'otro'),
       (607, 544, 'credito'),
       (608, 974, 'otro'),
       (609, 758, 'otro'),
       (610, 473, 'otro'),
       (611, 775, 'otro'),
       (612, 443, 'otro'),
       (613, 751, 'debito'),
       (614, 542, 'credito'),
       (615, 665, 'otro'),
       (616, 224, 'debito'),
       (617, 364, 'debito'),
       (618, 958, 'debito'),
       (619, 487, 'debito'),
       (620, 6, 'debito'),
       (621, 596, 'fiducuenta'),
       (622, 499, 'otro'),
       (623, 2, 'credito'),
       (624, 640, 'fiducuenta'),
       (625, 444, 'fiducuenta'),
       (626, 256, 'debito'),
       (627, 379, 'fiducuenta'),
       (628, 930, 'credito'),
       (629, 279, 'fiducuenta'),
       (630, 378, 'fiducuenta'),
       (631, 972, 'otro'),
       (632, 548, 'fiducuenta'),
       (633, 726, 'debito'),
       (634, 889, 'debito'),
       (635, 18, 'debito'),
       (636, 65, 'credito'),
       (637, 74, 'otro'),
       (638, 544, 'credito'),
       (639, 189, 'credito'),
       (640, 218, 'debito'),
       (641, 486, 'credito'),
       (642, 962, 'debito'),
       (643, 841, 'otro'),
       (644, 253, 'otro'),
       (645, 745, 'debito'),
       (646, 577, 'otro'),
       (647, 67, 'fiducuenta'),
       (648, 829, 'otro'),
       (649, 585, 'credito'),
       (650, 842, 'credito'),
       (651, 961, 'credito'),
       (652, 360, 'otro'),
       (653, 894, 'fiducuenta'),
       (654, 720, 'debito'),
       (655, 3, 'fiducuenta'),
       (656, 459, 'otro'),
       (657, 435, 'debito'),
       (658, 453, 'credito'),
       (659, 516, 'credito'),
       (660, 601, 'debito'),
       (661, 727, 'debito'),
       (662, 479, 'credito'),
       (663, 379, 'debito'),
       (664, 648, 'otro'),
       (665, 900, 'debito'),
       (666, 28, 'otro'),
       (667, 567, 'credito'),
       (668, 372, 'credito'),
       (669, 619, 'otro'),
       (670, 416, 'fiducuenta'),
       (671, 377, 'credito'),
       (672, 967, 'otro'),
       (673, 179, 'fiducuenta'),
       (674, 734, 'debito'),
       (675, 368, 'credito'),
       (676, 791, 'debito'),
       (677, 260, 'debito'),
       (678, 725, 'credito'),
       (679, 678, 'otro'),
       (680, 57, 'credito'),
       (681, 786, 'otro'),
       (682, 835, 'fiducuenta'),
       (683, 138, 'credito'),
       (684, 806, 'debito'),
       (685, 310, 'fiducuenta'),
       (686, 43, 'fiducuenta'),
       (687, 728, 'fiducuenta'),
       (688, 238, 'credito'),
       (689, 409, 'otro'),
       (690, 63, 'credito'),
       (691, 375, 'otro'),
       (692, 991, 'otro'),
       (693, 415, 'credito'),
       (694, 234, 'fiducuenta'),
       (695, 778, 'credito'),
       (696, 503, 'credito'),
       (697, 330, 'otro'),
       (698, 342, 'fiducuenta'),
       (699, 971, 'otro'),
       (700, 394, 'credito'),
       (701, 131, 'fiducuenta'),
       (702, 792, 'credito'),
       (703, 750, 'otro'),
       (704, 251, 'fiducuenta'),
       (705, 760, 'otro'),
       (706, 130, 'otro'),
       (707, 260, 'debito'),
       (708, 410, 'credito'),
       (709, 13, 'credito'),
       (710, 292, 'fiducuenta'),
       (711, 361, 'fiducuenta'),
       (712, 863, 'otro'),
       (713, 316, 'credito'),
       (714, 506, 'otro'),
       (715, 978, 'fiducuenta'),
       (716, 285, 'otro'),
       (717, 970, 'fiducuenta'),
       (718, 698, 'debito'),
       (719, 997, 'otro'),
       (720, 142, 'debito'),
       (721, 296, 'debito'),
       (722, 740, 'debito'),
       (723, 788, 'otro'),
       (724, 369, 'credito'),
       (725, 925, 'credito'),
       (726, 373, 'debito'),
       (727, 531, 'debito'),
       (728, 576, 'otro'),
       (729, 274, 'credito'),
       (730, 676, 'credito'),
       (731, 980, 'otro'),
       (732, 940, 'debito'),
       (733, 185, 'fiducuenta'),
       (734, 442, 'otro'),
       (735, 437, 'fiducuenta'),
       (736, 77, 'fiducuenta'),
       (737, 318, 'fiducuenta'),
       (738, 397, 'credito'),
       (739, 969, 'fiducuenta'),
       (740, 650, 'debito'),
       (741, 359, 'otro'),
       (742, 172, 'fiducuenta'),
       (743, 273, 'otro'),
       (744, 628, 'otro'),
       (745, 863, 'otro'),
       (746, 768, 'otro'),
       (747, 569, 'debito'),
       (748, 321, 'debito'),
       (749, 724, 'credito'),
       (750, 633, 'credito'),
       (751, 41, 'credito'),
       (752, 135, 'debito'),
       (753, 618, 'fiducuenta'),
       (754, 887, 'fiducuenta'),
       (755, 726, 'otro'),
       (756, 272, 'debito'),
       (757, 281, 'fiducuenta'),
       (758, 837, 'debito'),
       (759, 922, 'otro'),
       (760, 285, 'credito'),
       (761, 568, 'credito'),
       (762, 72, 'fiducuenta'),
       (763, 436, 'credito'),
       (764, 522, 'credito'),
       (765, 361, 'fiducuenta'),
       (766, 650, 'credito'),
       (767, 103, 'otro'),
       (768, 150, 'debito'),
       (769, 800, 'otro'),
       (770, 69, 'debito'),
       (771, 865, 'credito'),
       (772, 722, 'credito'),
       (773, 412, 'otro'),
       (774, 103, 'credito'),
       (775, 913, 'credito'),
       (776, 53, 'credito'),
       (777, 972, 'fiducuenta'),
       (778, 403, 'otro'),
       (779, 2, 'fiducuenta'),
       (780, 805, 'otro'),
       (781, 239, 'fiducuenta'),
       (782, 234, 'otro'),
       (783, 145, 'fiducuenta'),
       (784, 39, 'fiducuenta'),
       (785, 741, 'fiducuenta'),
       (786, 42, 'otro'),
       (787, 880, 'credito'),
       (788, 700, 'credito'),
       (789, 307, 'debito'),
       (790, 667, 'debito'),
       (791, 765, 'otro'),
       (792, 708, 'debito'),
       (793, 766, 'fiducuenta'),
       (794, 221, 'credito'),
       (795, 222, 'credito'),
       (796, 760, 'debito'),
       (797, 889, 'credito'),
       (798, 534, 'fiducuenta'),
       (799, 382, 'debito'),
       (800, 118, 'fiducuenta'),
       (801, 703, 'debito'),
       (802, 474, 'credito'),
       (803, 813, 'credito'),
       (804, 327, 'otro'),
       (805, 395, 'credito'),
       (806, 993, 'otro'),
       (807, 183, 'fiducuenta'),
       (808, 564, 'debito'),
       (809, 870, 'fiducuenta'),
       (810, 550, 'fiducuenta'),
       (811, 592, 'credito'),
       (812, 897, 'credito'),
       (813, 123, 'fiducuenta'),
       (814, 657, 'otro'),
       (815, 857, 'otro'),
       (816, 918, 'debito'),
       (817, 274, 'debito'),
       (818, 145, 'credito'),
       (819, 711, 'fiducuenta'),
       (820, 918, 'credito'),
       (821, 802, 'fiducuenta'),
       (822, 946, 'otro'),
       (823, 852, 'debito'),
       (824, 405, 'debito'),
       (825, 331, 'debito'),
       (826, 354, 'otro'),
       (827, 199, 'otro'),
       (828, 785, 'credito'),
       (829, 408, 'fiducuenta'),
       (830, 103, 'fiducuenta'),
       (831, 837, 'debito'),
       (832, 29, 'otro'),
       (833, 33, 'otro'),
       (834, 458, 'otro'),
       (835, 744, 'otro'),
       (836, 442, 'credito'),
       (837, 764, 'otro'),
       (838, 881, 'credito'),
       (839, 760, 'credito'),
       (840, 681, 'fiducuenta'),
       (841, 79, 'credito'),
       (842, 575, 'fiducuenta'),
       (843, 591, 'debito'),
       (844, 90, 'otro'),
       (845, 700, 'otro'),
       (846, 843, 'fiducuenta'),
       (847, 163, 'credito'),
       (848, 148, 'fiducuenta'),
       (849, 530, 'debito'),
       (850, 58, 'fiducuenta'),
       (851, 911, 'fiducuenta'),
       (852, 402, 'fiducuenta'),
       (853, 887, 'debito'),
       (854, 510, 'otro'),
       (855, 784, 'credito'),
       (856, 29, 'credito'),
       (857, 415, 'debito'),
       (858, 425, 'otro'),
       (859, 127, 'otro'),
       (860, 934, 'otro'),
       (861, 343, 'otro'),
       (862, 417, 'otro'),
       (863, 581, 'credito'),
       (864, 650, 'otro'),
       (865, 273, 'fiducuenta'),
       (866, 86, 'fiducuenta'),
       (867, 236, 'debito'),
       (868, 216, 'otro'),
       (869, 515, 'credito'),
       (870, 472, 'credito'),
       (871, 837, 'otro'),
       (872, 410, 'fiducuenta'),
       (873, 321, 'otro'),
       (874, 839, 'debito'),
       (875, 999, 'otro'),
       (876, 404, 'otro'),
       (877, 188, 'otro'),
       (878, 61, 'fiducuenta'),
       (879, 719, 'otro'),
       (880, 623, 'debito'),
       (881, 640, 'credito'),
       (882, 882, 'credito'),
       (883, 794, 'debito'),
       (884, 726, 'fiducuenta'),
       (885, 17, 'otro'),
       (886, 95, 'debito'),
       (887, 344, 'fiducuenta'),
       (888, 745, 'credito'),
       (889, 41, 'otro'),
       (890, 584, 'debito'),
       (891, 282, 'debito'),
       (892, 843, 'fiducuenta'),
       (893, 117, 'debito'),
       (894, 301, 'debito'),
       (895, 333, 'credito'),
       (896, 305, 'fiducuenta'),
       (897, 811, 'otro'),
       (898, 508, 'credito'),
       (899, 871, 'fiducuenta'),
       (900, 858, 'debito'),
       (901, 299, 'fiducuenta'),
       (902, 619, 'debito'),
       (903, 936, 'otro'),
       (904, 753, 'fiducuenta'),
       (905, 996, 'credito'),
       (906, 819, 'debito'),
       (907, 320, 'debito'),
       (908, 807, 'credito'),
       (909, 732, 'credito'),
       (910, 798, 'debito'),
       (911, 750, 'otro'),
       (912, 174, 'otro'),
       (913, 176, 'otro'),
       (914, 481, 'fiducuenta'),
       (915, 424, 'otro'),
       (916, 80, 'fiducuenta'),
       (917, 509, 'debito'),
       (918, 991, 'credito'),
       (919, 327, 'fiducuenta'),
       (920, 962, 'fiducuenta'),
       (921, 473, 'otro'),
       (922, 834, 'fiducuenta'),
       (923, 230, 'otro'),
       (924, 990, 'fiducuenta'),
       (925, 272, 'fiducuenta'),
       (926, 861, 'debito'),
       (927, 750, 'debito'),
       (928, 476, 'otro'),
       (929, 874, 'credito'),
       (930, 145, 'fiducuenta'),
       (931, 668, 'otro'),
       (932, 759, 'otro'),
       (933, 969, 'fiducuenta'),
       (934, 990, 'otro'),
       (935, 824, 'fiducuenta'),
       (936, 201, 'debito'),
       (937, 777, 'otro'),
       (938, 965, 'credito'),
       (939, 996, 'debito'),
       (940, 647, 'otro'),
       (941, 905, 'debito'),
       (942, 544, 'otro'),
       (943, 601, 'otro'),
       (944, 457, 'otro'),
       (945, 22, 'otro'),
       (946, 60, 'fiducuenta'),
       (947, 724, 'otro'),
       (948, 421, 'otro'),
       (949, 201, 'fiducuenta'),
       (950, 842, 'credito'),
       (951, 79, 'otro'),
       (952, 405, 'debito'),
       (953, 985, 'debito'),
       (954, 315, 'credito'),
       (955, 595, 'credito'),
       (956, 589, 'fiducuenta'),
       (957, 279, 'debito'),
       (958, 752, 'fiducuenta'),
       (959, 22, 'fiducuenta'),
       (960, 94, 'otro'),
       (961, 374, 'credito'),
       (962, 525, 'debito'),
       (963, 122, 'otro'),
       (964, 318, 'debito'),
       (965, 336, 'fiducuenta'),
       (966, 733, 'fiducuenta'),
       (967, 500, 'otro'),
       (968, 633, 'otro'),
       (969, 688, 'fiducuenta'),
       (970, 513, 'credito'),
       (971, 348, 'otro'),
       (972, 716, 'otro'),
       (973, 84, 'otro'),
       (974, 252, 'credito'),
       (975, 444, 'fiducuenta'),
       (976, 335, 'otro'),
       (977, 478, 'debito'),
       (978, 421, 'credito'),
       (979, 300, 'credito'),
       (980, 833, 'credito'),
       (981, 997, 'otro'),
       (982, 615, 'fiducuenta'),
       (983, 521, 'otro'),
       (984, 627, 'debito'),
       (985, 967, 'credito'),
       (986, 695, 'otro'),
       (987, 861, 'fiducuenta'),
       (988, 286, 'otro'),
       (989, 171, 'otro'),
       (990, 548, 'otro'),
       (991, 610, 'credito'),
       (992, 214, 'credito'),
       (993, 232, 'fiducuenta'),
       (994, 62, 'fiducuenta'),
       (995, 820, 'debito'),
       (996, 116, 'credito'),
       (997, 794, 'credito'),
       (998, 243, 'debito'),
       (999, 378, 'credito'),
       (1000, 921, 'otro')
GO

-- datos para movimientos -- generados con https://www.mockaroo.com/
INSERT INTO movimientos(numero_cuenta, valor, fecha)
VALUES (592, '485444620.79', '2023-08-20 13:59:19'),
       (371, '463821600.63', '2023-07-16 23:57:41'),
       (431, '227930793.71', '2023-02-14 06:15:44'),
       (419, '230898260.02', '2023-04-25 22:09:50'),
       (204, '638478299.32', '2023-09-09 16:20:06'),
       (613, '395952392.94', '2023-02-15 22:04:19'),
       (920, '787687783.16', '2023-03-01 01:09:10'),
       (32, '821958208.17', '2023-03-24 17:23:47'),
       (833, '914227935.67', '2023-03-05 10:15:02'),
       (109, '391821259.33', '2023-07-18 18:59:12'),
       (585, '548910237.91', '2023-06-10 06:57:42'),
       (872, '544175575.39', '2023-02-07 12:11:31'),
       (920, '589718414.62', '2023-03-14 10:41:28'),
       (281, '982834537.94', '2023-07-19 08:01:34'),
       (568, '297450790.92', '2023-07-17 15:14:38'),
       (377, '103954886.66', '2023-05-19 23:02:16'),
       (259, '891126233.36', '2023-08-19 11:14:53'),
       (435, '927982359.73', '2023-09-15 15:06:57'),
       (886, '567588597.23', '2023-04-07 11:50:13'),
       (122, '076787082.39', '2023-05-19 10:29:43'),
       (473, '813485135.85', '2023-04-19 22:45:37'),
       (780, '344731000.97', '2023-02-03 11:29:52'),
       (107, '692136887.97', '2023-01-21 14:25:43'),
       (753, '387270892.63', '2023-04-19 01:10:34'),
       (243, '688375235.59', '2023-05-22 19:20:56'),
       (41, '677939501.87', '2023-04-20 12:39:09'),
       (930, '882465688.92', '2023-01-16 00:18:51'),
       (283, '262504681.35', '2023-02-11 23:21:21'),
       (765, '380829903.16', '2023-02-07 23:28:02'),
       (249, '163676468.54', '2023-08-14 01:56:11'),
       (791, '878083458.26', '2023-07-17 18:23:38'),
       (942, '808207149.98', '2023-05-16 18:34:11'),
       (1, '980000690.20', '2023-09-12 15:29:16'),
       (584, '651042837.30', '2023-02-10 19:31:21'),
       (41, '760951302.55', '2023-06-08 13:51:36'),
       (812, '872342669.74', '2023-09-19 08:25:53'),
       (574, '949105668.71', '2023-02-04 03:13:13'),
       (937, '859069519.89', '2023-03-18 22:31:58'),
       (724, '176507647.91', '2023-05-13 17:49:25'),
       (388, '546010439.22', '2023-06-27 15:16:31'),
       (796, '718225739.34', '2023-03-03 07:42:40'),
       (629, '737891605.82', '2023-08-31 05:46:26'),
       (778, '245269973.87', '2023-04-20 20:24:23'),
       (933, '408328097.43', '2023-01-31 17:15:02'),
       (556, '446781986.59', '2023-02-28 00:13:35'),
       (869, '350642184.13', '2023-03-08 05:08:00'),
       (398, '893863212.59', '2023-03-30 12:37:13'),
       (637, '660579058.98', '2023-08-02 01:15:46'),
       (955, '203005794.13', '2023-04-10 12:27:40'),
       (393, '777776992.85', '2023-02-10 07:39:27'),
       (598, '355500472.29', '2023-06-28 04:04:03'),
       (354, '068973316.06', '2023-05-09 08:16:13'),
       (614, '492076428.13', '2023-05-04 21:05:01'),
       (348, '356305732.86', '2023-03-29 13:26:48'),
       (463, '038441581.72', '2023-03-06 04:04:54'),
       (238, '603844709.10', '2023-03-18 08:10:24'),
       (411, '371634831.07', '2023-05-15 20:02:54'),
       (858, '404805576.35', '2023-01-18 20:25:03'),
       (902, '266212000.82', '2023-06-20 13:12:41'),
       (360, '555292858.14', '2023-03-19 05:30:06'),
       (908, '488949053.37', '2023-06-11 21:25:11'),
       (350, '803798983.67', '2023-05-06 09:02:32'),
       (708, '831524769.17', '2023-05-12 08:06:24'),
       (413, '436589150.98', '2023-03-09 04:00:53'),
       (368, '115437546.77', '2023-03-15 13:21:33'),
       (820, '195323164.07', '2023-06-16 21:57:52'),
       (774, '763247454.85', '2023-08-16 17:15:15'),
       (92, '489433683.49', '2023-01-14 16:54:35'),
       (632, '442853625.36', '2023-01-11 11:44:48'),
       (577, '958642492.86', '2023-04-12 03:42:50'),
       (376, '754182717.90', '2023-05-06 11:34:32'),
       (446, '287154111.73', '2023-01-03 17:55:58'),
       (230, '240650257.62', '2023-03-27 14:39:19'),
       (669, '493049054.90', '2023-08-22 04:52:31'),
       (77, '455521303.82', '2023-03-24 07:02:26'),
       (518, '380986167.98', '2023-08-30 06:50:04'),
       (552, '638073944.83', '2023-09-06 03:13:04'),
       (430, '688667851.11', '2023-05-09 13:31:58'),
       (912, '433853179.04', '2023-02-07 11:50:06'),
       (912, '623344263.75', '2023-05-20 00:43:43'),
       (261, '939532273.11', '2023-05-27 11:08:24'),
       (635, '573616559.24', '2023-04-05 13:45:00'),
       (415, '371974034.71', '2023-03-30 13:57:58'),
       (838, '157243521.49', '2023-07-30 07:37:56'),
       (168, '635050690.25', '2023-03-11 04:38:52'),
       (600, '437553597.41', '2023-07-20 00:57:09'),
       (294, '343952265.19', '2023-09-09 01:58:42'),
       (841, '121036809.80', '2023-03-14 11:07:32'),
       (417, '017607442.75', '2023-04-22 14:20:06'),
       (418, '979265701.43', '2023-07-16 08:08:01'),
       (156, '839547718.27', '2023-06-15 09:03:39'),
       (192, '149457222.65', '2023-05-04 08:33:24'),
       (519, '239174256.25', '2023-01-07 18:35:31'),
       (616, '336476375.43', '2023-09-23 22:41:14'),
       (285, '560655221.88', '2023-03-26 17:39:46'),
       (525, '477522875.13', '2023-05-31 14:12:59'),
       (709, '545695590.58', '2023-05-14 06:16:23'),
       (918, '504306434.30', '2023-02-09 03:31:25'),
       (790, '864150549.09', '2023-06-18 06:41:23'),
       (369, '939960316.64', '2023-08-04 12:38:04'),
       (588, '357340804.25', '2023-08-07 16:45:22'),
       (466, '548475201.49', '2023-02-03 17:18:22'),
       (75, '399465132.89', '2023-03-24 16:52:47'),
       (930, '215503967.08', '2023-09-16 09:24:05'),
       (72, '809020622.45', '2023-09-26 22:46:44'),
       (49, '033764138.52', '2023-06-03 10:48:48'),
       (787, '484594109.85', '2023-09-01 10:38:35'),
       (298, '789201988.54', '2023-02-17 11:15:49'),
       (453, '789953665.53', '2023-04-11 03:51:18'),
       (853, '099640930.01', '2023-10-02 10:24:05'),
       (182, '268501537.75', '2023-02-13 18:09:09'),
       (272, '946315585.69', '2023-05-10 21:06:03'),
       (754, '853623843.39', '2023-06-27 10:52:31'),
       (734, '270329256.12', '2023-03-05 14:47:52'),
       (83, '715562497.82', '2023-06-06 03:52:18'),
       (2, '895649971.46', '2023-04-08 21:49:05'),
       (169, '232449824.88', '2023-04-16 09:41:36'),
       (338, '369343260.01', '2023-06-08 15:06:16'),
       (548, '224532355.41', '2023-03-26 20:15:11'),
       (695, '667953468.22', '2023-01-08 01:49:20'),
       (90, '150912467.35', '2023-04-29 00:19:05'),
       (149, '872102069.68', '2023-02-10 13:41:57'),
       (34, '786510128.52', '2023-06-05 16:27:03'),
       (38, '287808240.30', '2023-05-27 15:57:06'),
       (54, '934080975.26', '2023-07-02 01:45:47'),
       (438, '286462810.16', '2023-04-28 21:55:38'),
       (679, '128624063.74', '2023-05-06 04:04:30'),
       (674, '852334677.95', '2023-03-06 01:42:57'),
       (49, '112735496.13', '2023-06-17 01:45:12'),
       (482, '849305407.43', '2023-03-20 11:03:49'),
       (520, '057831654.24', '2023-03-11 02:47:09'),
       (218, '410898337.02', '2023-07-17 00:26:57'),
       (994, '437914834.06', '2023-03-01 18:27:53'),
       (328, '856500074.49', '2023-01-06 07:37:18'),
       (99, '928047863.90', '2023-03-05 03:29:01'),
       (789, '054145071.34', '2023-02-20 15:25:50'),
       (58, '325508146.12', '2023-09-25 22:43:34'),
       (970, '725527174.18', '2023-09-24 06:08:58'),
       (303, '326723251.65', '2023-09-16 19:40:03'),
       (505, '716304972.33', '2023-02-06 15:18:43'),
       (367, '229192692.88', '2023-04-20 09:40:41'),
       (154, '297840789.84', '2023-05-03 21:42:10'),
       (300, '169575500.60', '2023-06-26 07:54:14'),
       (852, '300386664.17', '2023-05-18 19:22:38'),
       (361, '351709305.27', '2023-09-06 03:09:34'),
       (877, '017235724.52', '2023-01-22 15:47:14'),
       (797, '855884210.61', '2023-01-24 11:29:18'),
       (494, '691173996.67', '2023-09-05 06:08:06'),
       (59, '851322155.70', '2023-08-06 09:14:50'),
       (555, '721022580.04', '2023-09-05 02:59:36'),
       (677, '741180606.49', '2023-01-19 08:26:17'),
       (210, '881862877.01', '2023-06-28 01:06:51'),
       (811, '876314309.93', '2023-08-31 02:48:51'),
       (483, '078230430.33', '2023-06-29 05:11:47'),
       (965, '447036712.63', '2023-10-03 23:14:10'),
       (321, '906774138.51', '2023-08-23 22:59:10'),
       (240, '443778180.08', '2023-02-06 06:38:13'),
       (33, '655945484.87', '2023-01-17 02:23:06'),
       (322, '580117481.71', '2023-04-06 07:53:32'),
       (15, '623996636.50', '2023-08-25 02:23:12'),
       (774, '303868759.34', '2023-08-07 05:03:14'),
       (974, '808425888.95', '2023-03-30 02:24:58'),
       (483, '000812889.00', '2023-07-20 04:49:44'),
       (612, '485997732.32', '2023-06-30 20:33:19'),
       (600, '187019680.61', '2023-07-08 16:22:32'),
       (388, '948326168.98', '2023-04-25 05:57:00'),
       (468, '555339862.26', '2023-07-01 08:40:05'),
       (219, '724490343.82', '2023-08-30 09:30:34'),
       (737, '352733034.46', '2023-08-04 06:57:20'),
       (985, '201765196.13', '2023-03-27 11:07:15'),
       (598, '616114340.62', '2023-09-19 20:29:18'),
       (431, '823222063.93', '2023-01-31 20:11:01'),
       (972, '107615262.03', '2023-02-24 05:30:45'),
       (742, '628036098.99', '2023-05-25 07:48:37'),
       (133, '531240220.67', '2023-05-10 16:38:41'),
       (349, '705288493.93', '2023-03-24 15:10:50'),
       (997, '834154912.14', '2023-04-10 10:51:21'),
       (659, '668882882.22', '2023-07-23 05:49:42'),
       (697, '779306761.18', '2023-03-18 18:13:55'),
       (799, '644376384.67', '2023-06-13 01:36:07'),
       (290, '648623918.09', '2023-05-25 05:08:39'),
       (51, '515802075.40', '2023-05-01 10:51:50'),
       (233, '520909075.33', '2023-06-20 11:12:49'),
       (582, '002730512.28', '2023-03-19 14:53:46'),
       (667, '978454976.03', '2023-01-31 18:56:48'),
       (706, '788607582.33', '2023-05-03 03:35:38'),
       (781, '605076212.81', '2023-02-11 21:06:52'),
       (180, '413682042.65', '2023-05-27 09:48:10'),
       (418, '049387909.68', '2023-07-26 17:44:58'),
       (202, '902110241.46', '2023-09-06 23:25:45'),
       (207, '594620854.83', '2023-08-21 09:23:19'),
       (930, '671779767.32', '2023-06-13 20:12:27'),
       (632, '562913992.77', '2023-06-28 09:03:35'),
       (349, '392550058.09', '2023-06-26 19:46:03'),
       (15, '498009374.83', '2023-08-01 10:20:21'),
       (889, '385164298.44', '2023-01-08 12:10:34'),
       (839, '689541508.13', '2023-04-01 02:18:14'),
       (977, '523442199.67', '2023-07-09 16:48:36'),
       (450, '777134558.88', '2023-01-13 12:54:27'),
       (827, '784017622.85', '2023-07-21 20:07:37'),
       (781, '695175427.13', '2023-04-13 01:40:06'),
       (105, '895506964.20', '2023-04-30 08:56:44'),
       (796, '044729839.37', '2023-04-09 09:04:36'),
       (362, '762871956.43', '2023-03-29 03:05:58'),
       (54, '227444179.55', '2023-04-09 19:47:35'),
       (494, '703399715.81', '2023-07-25 01:05:25'),
       (183, '807221969.94', '2023-08-03 04:17:15'),
       (634, '953669354.27', '2023-01-17 13:38:28'),
       (377, '070364562.67', '2023-02-07 21:00:33'),
       (310, '539753029.23', '2023-06-08 02:34:43'),
       (222, '493054629.50', '2023-01-17 09:01:49'),
       (975, '438402303.04', '2023-08-24 04:16:07'),
       (807, '282634675.81', '2023-07-29 07:48:04'),
       (639, '454149182.01', '2023-05-26 22:33:22'),
       (824, '112530441.47', '2023-05-23 11:51:17'),
       (809, '652915868.59', '2023-06-07 23:44:23'),
       (955, '024503888.26', '2023-06-23 19:23:00'),
       (182, '230016919.24', '2023-08-15 21:23:43'),
       (922, '464974039.11', '2023-06-11 23:47:45'),
       (504, '653728324.77', '2023-09-23 11:13:42'),
       (856, '905606157.15', '2023-07-15 22:33:48'),
       (338, '332473894.43', '2023-08-15 10:18:54'),
       (888, '718271861.77', '2023-08-31 22:39:32'),
       (733, '575617162.45', '2023-08-01 09:55:09'),
       (836, '909981087.53', '2023-02-07 17:16:41'),
       (11, '821715737.13', '2023-03-13 05:09:29'),
       (988, '753357802.60', '2023-08-12 22:19:06'),
       (352, '970289817.26', '2023-02-20 11:36:10'),
       (623, '414798422.91', '2023-02-15 16:48:03'),
       (860, '208413497.46', '2023-06-10 12:37:06'),
       (799, '440962786.17', '2023-04-28 19:37:14'),
       (336, '601793859.19', '2023-08-01 05:03:52'),
       (708, '275639211.11', '2023-05-30 17:06:09'),
       (774, '397316894.05', '2023-02-06 18:36:03'),
       (582, '201474911.21', '2023-09-30 03:11:14'),
       (888, '877468601.16', '2023-01-09 11:46:03'),
       (740, '026607944.89', '2023-02-23 13:29:57'),
       (784, '920225552.01', '2023-05-28 06:02:32'),
       (844, '587040630.14', '2023-03-24 23:52:16'),
       (861, '903300295.55', '2023-01-06 06:11:26'),
       (201, '069080756.05', '2023-09-29 08:30:23'),
       (127, '106993061.88', '2023-03-09 18:38:14'),
       (11, '411524219.09', '2023-08-08 10:17:43'),
       (157, '767082509.71', '2023-06-09 20:59:52'),
       (972, '582522877.18', '2023-05-02 17:44:29'),
       (655, '926112442.94', '2023-08-18 02:01:26'),
       (119, '050615441.07', '2023-01-25 21:24:25'),
       (660, '671998752.20', '2023-08-25 16:45:24'),
       (337, '658875667.32', '2023-04-07 18:59:22'),
       (726, '013845731.83', '2023-06-15 13:05:32'),
       (774, '638347066.91', '2023-06-12 07:33:53'),
       (841, '304414112.64', '2023-05-08 05:05:31'),
       (836, '487773295.58', '2023-05-04 08:18:06'),
       (471, '856224108.39', '2023-09-08 17:50:45'),
       (323, '154524172.98', '2023-03-20 20:00:53'),
       (721, '060227219.09', '2023-08-27 23:54:00'),
       (649, '496722998.85', '2023-02-08 21:01:52'),
       (841, '096919974.55', '2023-05-05 01:22:40'),
       (234, '945369966.95', '2023-05-18 11:55:50'),
       (774, '428394488.82', '2023-03-09 03:40:44'),
       (920, '855318484.87', '2023-04-03 17:24:53'),
       (487, '570882871.96', '2023-02-11 02:53:14'),
       (574, '639277351.41', '2023-06-15 12:07:10'),
       (916, '903138833.75', '2023-06-21 05:31:36'),
       (700, '842135532.97', '2023-03-22 09:16:16'),
       (62, '987389403.53', '2023-02-14 22:47:15'),
       (997, '892198388.37', '2023-08-01 07:17:51'),
       (937, '944543926.63', '2023-09-14 18:54:45'),
       (634, '469641263.73', '2023-02-19 01:25:54'),
       (963, '674233096.91', '2023-01-30 12:55:37'),
       (258, '229536822.33', '2023-03-11 22:32:31'),
       (494, '016317698.79', '2023-01-27 23:34:39'),
       (697, '820123892.05', '2023-07-09 02:13:27'),
       (809, '751517919.01', '2023-08-05 20:49:33'),
       (479, '906551121.09', '2023-01-11 04:19:18'),
       (496, '415806293.37', '2023-08-03 09:43:58'),
       (738, '009414196.30', '2023-09-15 21:18:57'),
       (918, '894802732.59', '2023-07-22 16:21:57'),
       (651, '786581940.47', '2023-06-11 04:09:16'),
       (274, '869948972.84', '2023-04-30 18:33:08'),
       (667, '455674864.41', '2023-04-02 23:44:42'),
       (348, '174830565.99', '2023-06-10 18:49:36'),
       (746, '263902954.38', '2023-04-22 20:46:22'),
       (463, '226407120.37', '2023-04-21 09:02:18'),
       (409, '478144910.35', '2023-02-17 09:42:48'),
       (946, '646839076.80', '2023-02-05 22:47:55'),
       (897, '180025671.08', '2023-06-10 03:57:38'),
       (128, '026622964.41', '2023-02-16 19:29:31'),
       (556, '598223813.43', '2023-02-01 05:00:21'),
       (714, '367788658.02', '2023-07-04 13:22:10'),
       (29, '387546807.22', '2023-04-14 10:32:34'),
       (456, '468614157.54', '2023-09-02 08:42:54'),
       (769, '009176662.08', '2023-06-17 10:43:08'),
       (504, '630557484.15', '2023-04-04 02:10:01'),
       (689, '598262717.43', '2023-06-27 02:53:11'),
       (320, '310824121.55', '2023-01-19 11:15:28'),
       (973, '176029300.59', '2023-03-17 05:29:02'),
       (12, '851393024.81', '2023-06-30 12:19:09'),
       (209, '868874496.05', '2023-01-26 04:33:44'),
       (7, '839487794.32', '2023-06-25 20:20:58'),
       (966, '777391927.10', '2023-07-04 06:04:42'),
       (29, '880980985.66', '2023-03-04 09:00:14'),
       (95, '999533592.70', '2023-05-06 05:23:28'),
       (714, '460135101.59', '2023-07-19 00:32:04'),
       (834, '426393445.98', '2023-05-25 05:32:05'),
       (902, '505444339.90', '2023-05-30 10:40:10'),
       (651, '260625989.06', '2023-09-16 04:52:12'),
       (792, '257796542.15', '2023-05-01 14:09:53'),
       (814, '604330183.52', '2023-01-30 03:40:20'),
       (879, '330483264.34', '2023-03-11 07:16:36'),
       (629, '949192994.55', '2023-09-24 02:35:33'),
       (39, '529137996.17', '2023-04-08 22:44:36'),
       (793, '392403821.69', '2023-02-22 15:14:16'),
       (85, '932118796.58', '2023-07-28 05:50:14'),
       (324, '756244481.92', '2023-04-18 02:23:24'),
       (143, '676754860.42', '2023-03-13 03:15:12'),
       (941, '952897993.04', '2023-02-21 09:54:25'),
       (293, '119418897.67', '2023-03-22 02:03:53'),
       (2, '025349812.69', '2023-04-29 07:16:22'),
       (403, '266202337.92', '2023-09-11 03:04:04'),
       (400, '297713899.78', '2023-04-21 07:01:59'),
       (663, '445707490.41', '2023-07-28 10:40:51'),
       (941, '465142235.25', '2023-03-02 08:57:41'),
       (194, '750592385.51', '2023-08-02 02:09:37'),
       (744, '192500308.82', '2023-04-17 01:25:19'),
       (61, '252578709.53', '2023-07-21 01:52:47'),
       (149, '707682112.23', '2023-06-06 15:30:21'),
       (903, '937678706.97', '2023-08-12 04:22:35'),
       (82, '088134416.10', '2023-08-05 22:49:26'),
       (475, '967099682.69', '2023-09-01 20:00:03'),
       (231, '126048429.95', '2023-08-29 00:01:49'),
       (581, '572212704.98', '2023-06-04 12:06:01'),
       (11, '006662445.82', '2023-07-31 04:50:03'),
       (301, '070544253.91', '2023-06-10 15:05:53'),
       (905, '765402774.58', '2023-07-25 08:45:06'),
       (698, '293374296.17', '2023-09-27 13:56:43'),
       (487, '518568995.63', '2023-01-22 07:42:49'),
       (470, '351329708.93', '2023-06-09 01:54:24'),
       (908, '729945891.65', '2023-09-27 15:36:03'),
       (707, '196635567.17', '2023-01-16 06:16:23'),
       (705, '756190763.57', '2023-07-30 05:46:28'),
       (840, '839574147.32', '2023-06-14 17:48:05'),
       (647, '975514558.65', '2023-01-11 20:58:02'),
       (328, '603646718.25', '2023-05-19 18:54:44'),
       (447, '282813611.41', '2023-06-14 16:16:15'),
       (437, '475167776.93', '2023-07-30 02:44:06'),
       (69, '463956438.15', '2023-08-02 03:17:52'),
       (31, '042527851.46', '2023-01-14 04:10:02'),
       (994, '571909594.28', '2023-10-03 21:01:50'),
       (751, '509311781.01', '2023-09-26 07:29:06'),
       (122, '147980017.73', '2023-01-08 04:35:53'),
       (875, '480953098.71', '2023-01-05 10:52:01'),
       (646, '491291698.66', '2023-03-23 10:24:01'),
       (2, '249866233.31', '2023-02-22 05:34:22'),
       (31, '358923880.83', '2023-08-01 08:30:35'),
       (334, '230802875.58', '2023-09-16 09:30:46'),
       (939, '542405462.93', '2023-05-28 16:33:40'),
       (650, '798842769.39', '2023-03-19 09:51:30'),
       (851, '581919786.54', '2023-03-22 02:40:50'),
       (893, '451263312.89', '2023-03-03 11:34:50'),
       (383, '615812955.05', '2023-08-08 11:21:49'),
       (559, '383273812.30', '2023-09-18 05:19:44'),
       (519, '025723634.85', '2023-03-16 18:59:49'),
       (622, '244171830.17', '2023-05-05 16:35:40'),
       (554, '303444002.89', '2023-01-19 18:46:07'),
       (185, '183883732.03', '2023-09-09 00:18:14'),
       (167, '464831314.21', '2023-08-24 13:08:12'),
       (969, '128491571.80', '2023-09-30 13:20:10'),
       (217, '415286153.37', '2023-02-25 12:20:36'),
       (492, '765201100.93', '2023-05-30 13:11:34'),
       (476, '519132731.01', '2023-06-27 22:10:03'),
       (398, '340208011.31', '2023-02-03 09:50:39'),
       (913, '563147901.17', '2023-05-22 17:28:42'),
       (716, '622248685.24', '2023-06-29 14:31:58'),
       (880, '559199082.07', '2023-02-10 10:19:34'),
       (815, '874121072.65', '2023-10-02 04:48:23'),
       (36, '074348516.36', '2023-02-26 08:18:12'),
       (112, '487361999.57', '2023-07-24 00:56:09'),
       (72, '170324227.69', '2023-04-08 23:13:50'),
       (974, '074475050.17', '2023-08-07 20:02:35'),
       (380, '856693029.12', '2023-05-30 16:32:37'),
       (673, '186772646.16', '2023-07-20 08:12:10'),
       (709, '263777101.31', '2023-09-24 07:13:12'),
       (781, '596187638.90', '2023-05-30 15:59:20'),
       (356, '436933396.12', '2023-09-16 01:36:06'),
       (80, '948373828.78', '2023-04-13 23:41:44'),
       (321, '658462524.23', '2023-05-06 21:25:58'),
       (913, '669340434.07', '2023-05-11 07:21:18'),
       (401, '333170620.56', '2023-07-08 10:20:55'),
       (150, '975940531.51', '2023-05-17 10:58:08'),
       (756, '089574424.97', '2023-07-06 00:00:00'),
       (15, '929500051.79', '2023-07-17 18:29:42'),
       (680, '241152534.61', '2023-08-17 22:25:48'),
       (240, '490205323.23', '2023-08-14 15:10:33'),
       (837, '590668565.25', '2023-01-26 09:42:36'),
       (955, '872831579.31', '2023-09-17 11:09:07'),
       (604, '808611377.24', '2023-01-21 09:48:49'),
       (721, '256203266.39', '2023-07-18 11:43:16'),
       (933, '855346848.70', '2023-07-26 02:34:30'),
       (453, '568906123.87', '2023-03-14 22:20:29'),
       (869, '472005372.58', '2023-09-22 02:34:14'),
       (577, '378484586.15', '2023-08-13 07:25:37'),
       (621, '409265006.40', '2023-02-16 00:56:01'),
       (37, '786931865.11', '2023-08-29 18:11:28'),
       (625, '849023851.56', '2023-09-21 12:08:03'),
       (576, '128816820.15', '2023-01-21 08:27:31'),
       (208, '412725326.72', '2023-03-27 12:01:04'),
       (716, '689031747.99', '2023-04-03 13:28:11'),
       (151, '604607817.66', '2023-02-06 18:19:27'),
       (122, '065150156.22', '2023-08-29 08:45:20'),
       (481, '462486094.71', '2023-04-01 06:34:49'),
       (995, '916661752.75', '2023-08-09 15:51:42'),
       (963, '435929460.69', '2023-09-30 20:23:24'),
       (769, '062750894.55', '2023-01-24 04:32:21'),
       (38, '734569299.62', '2023-01-11 17:34:31'),
       (689, '367574975.73', '2023-01-21 15:55:10'),
       (973, '178760978.69', '2023-05-29 12:08:10'),
       (679, '651837804.79', '2023-04-28 06:42:34'),
       (765, '152486082.73', '2023-02-21 00:06:19'),
       (625, '343423025.69', '2023-09-19 02:07:10'),
       (443, '338353471.80', '2023-07-31 03:47:21'),
       (777, '404646164.84', '2023-01-29 01:23:44'),
       (37, '618050024.38', '2023-01-04 10:56:54'),
       (762, '028967661.65', '2023-05-18 11:36:08'),
       (254, '863998903.95', '2023-02-13 18:32:16'),
       (212, '687554711.48', '2023-02-10 15:39:53'),
       (568, '235397560.55', '2023-02-24 19:34:50'),
       (628, '894672022.08', '2023-06-02 04:22:24'),
       (585, '698339727.25', '2023-08-12 08:06:07'),
       (877, '463879160.84', '2023-06-24 20:41:31'),
       (521, '854285030.94', '2023-06-13 16:22:58'),
       (412, '946222549.71', '2023-01-20 13:46:03'),
       (259, '226843326.94', '2023-09-03 21:34:42'),
       (626, '437932016.02', '2023-10-05 11:21:56'),
       (265, '344019350.24', '2023-03-13 05:27:10'),
       (11, '411611225.51', '2023-03-29 11:01:23'),
       (208, '564539148.27', '2023-01-08 08:24:37'),
       (690, '282836481.14', '2023-09-03 20:07:38'),
       (521, '509242698.74', '2023-07-28 06:19:44'),
       (29, '182257815.36', '2023-08-02 16:26:33'),
       (465, '647928932.52', '2023-05-10 01:14:39'),
       (286, '809648238.08', '2023-05-12 13:06:22'),
       (56, '647695451.99', '2023-05-22 14:34:57'),
       (899, '022242386.78', '2023-07-27 05:06:09'),
       (417, '485494564.59', '2023-02-13 15:33:10'),
       (73, '434845262.99', '2023-06-22 17:35:06'),
       (923, '909065696.22', '2023-05-31 07:02:11'),
       (487, '850743991.11', '2023-09-06 10:05:24'),
       (604, '013878701.10', '2023-08-22 01:55:52'),
       (613, '322369694.90', '2023-08-26 19:56:26'),
       (205, '635304326.80', '2023-04-19 16:55:33'),
       (840, '591644280.37', '2023-07-07 16:02:25'),
       (253, '149777796.47', '2023-08-07 11:05:09'),
       (780, '795642447.47', '2023-06-19 15:13:31'),
       (993, '394752419.61', '2023-01-13 17:27:54'),
       (711, '288080415.40', '2023-04-04 06:25:16'),
       (526, '615968023.36', '2023-06-21 10:47:12'),
       (139, '576413155.19', '2023-05-07 13:56:09'),
       (359, '621191507.15', '2023-07-11 21:49:46'),
       (72, '259531228.24', '2023-03-20 17:19:08'),
       (795, '763560950.27', '2023-05-31 10:21:33'),
       (955, '398343759.49', '2023-10-05 23:18:03'),
       (963, '356919060.61', '2023-07-13 04:48:37'),
       (635, '380185901.41', '2023-01-27 11:09:52'),
       (484, '306807772.29', '2023-07-16 20:28:32'),
       (543, '427516992.42', '2023-01-29 21:46:01'),
       (319, '051172536.55', '2023-04-30 12:40:09'),
       (621, '284061610.75', '2023-06-01 18:14:24'),
       (415, '682345688.69', '2023-03-02 02:56:44'),
       (533, '762588616.85', '2023-09-23 05:52:09'),
       (745, '163043983.28', '2023-01-14 15:47:47'),
       (728, '252650199.85', '2023-03-01 19:12:20'),
       (889, '055228442.44', '2023-03-21 16:48:46'),
       (453, '781390000.06', '2023-07-21 05:18:46'),
       (877, '288629804.14', '2023-08-06 14:10:14'),
       (478, '428226344.48', '2023-06-03 22:01:54'),
       (103, '037028448.87', '2023-04-28 00:46:40'),
       (28, '265785227.53', '2023-09-24 09:23:46'),
       (423, '360957955.75', '2023-08-03 11:04:51'),
       (190, '243296525.55', '2023-07-01 05:28:15'),
       (375, '872982009.00', '2023-05-21 05:06:23'),
       (777, '496269511.64', '2023-04-10 08:00:37'),
       (842, '873070342.04', '2023-09-13 07:32:59'),
       (186, '921983654.55', '2023-08-12 04:57:33'),
       (751, '427621255.97', '2023-03-10 02:22:47'),
       (485, '128812811.01', '2023-07-23 12:36:13'),
       (76, '494557737.42', '2023-05-20 03:02:27'),
       (904, '100717076.51', '2023-02-03 10:47:09'),
       (657, '748523398.02', '2023-09-03 13:11:31'),
       (706, '949930145.46', '2023-02-26 17:04:41'),
       (860, '798865308.85', '2023-05-29 23:45:57'),
       (770, '236580117.17', '2023-04-11 13:44:31'),
       (67, '450689034.93', '2023-03-01 05:15:15'),
       (570, '470957216.73', '2023-06-20 09:10:58'),
       (204, '749115774.53', '2023-08-30 21:38:24'),
       (270, '001884408.34', '2023-07-18 13:04:47'),
       (778, '716889717.71', '2023-09-05 09:36:33'),
       (311, '578613103.37', '2023-04-23 12:36:03'),
       (606, '493312090.33', '2023-01-08 07:51:42'),
       (658, '708909449.30', '2023-08-01 07:14:32'),
       (547, '850135929.80', '2023-04-30 10:13:28'),
       (387, '111600927.58', '2023-03-18 09:56:12'),
       (923, '883740320.07', '2023-04-12 19:37:06'),
       (305, '307518812.48', '2023-06-22 14:47:13'),
       (61, '486292513.50', '2023-06-19 23:32:53'),
       (434, '313788343.47', '2023-05-01 02:36:59'),
       (603, '685158436.71', '2023-09-06 06:48:05'),
       (632, '713277493.12', '2023-04-01 12:56:31'),
       (880, '477765497.40', '2023-04-08 03:30:40'),
       (603, '970277887.54', '2023-02-04 07:27:28'),
       (24, '644419829.39', '2023-02-08 15:48:50'),
       (264, '638320426.15', '2023-08-24 15:26:34'),
       (378, '008381863.50', '2023-09-18 22:24:59'),
       (768, '120984639.34', '2023-08-25 12:07:54'),
       (688, '206000978.94', '2023-05-05 14:37:05'),
       (543, '873344592.12', '2023-05-30 17:49:14'),
       (439, '102929369.99', '2023-01-11 21:05:48'),
       (233, '170889858.03', '2023-05-14 15:44:59'),
       (112, '734648324.73', '2023-06-17 15:00:34'),
       (234, '667999426.65', '2023-01-04 20:22:55'),
       (226, '887801217.32', '2023-08-07 09:04:23'),
       (670, '852885280.48', '2023-09-26 05:27:33'),
       (96, '825907948.90', '2023-09-02 21:55:03'),
       (593, '819239058.93', '2023-04-15 01:15:57'),
       (223, '113031902.24', '2023-08-28 23:06:43'),
       (354, '540142525.55', '2023-09-26 08:07:42'),
       (654, '811563054.17', '2023-09-04 18:15:13'),
       (754, '551982866.92', '2023-09-01 05:40:23'),
       (353, '032012692.78', '2023-06-02 21:21:59'),
       (451, '355975916.64', '2023-01-01 13:58:45'),
       (475, '730008893.40', '2023-08-26 02:36:47'),
       (504, '119193828.73', '2023-05-23 02:27:37'),
       (220, '657666643.44', '2023-03-20 06:29:27'),
       (732, '722651133.40', '2023-03-26 11:45:04'),
       (735, '638757108.04', '2023-04-17 21:12:25'),
       (169, '550678790.90', '2023-03-27 10:02:10'),
       (232, '586588494.74', '2023-09-12 00:09:56'),
       (611, '677814970.37', '2023-05-12 01:30:44'),
       (628, '313883158.52', '2023-05-16 21:41:39'),
       (396, '441127584.99', '2023-05-18 16:09:22'),
       (308, '528754338.65', '2023-07-28 17:55:04'),
       (954, '250632408.40', '2023-08-08 22:41:18'),
       (666, '197412114.78', '2023-04-05 07:05:52'),
       (975, '155867639.36', '2023-07-14 13:45:20'),
       (400, '507307696.24', '2023-07-13 20:17:49'),
       (540, '595284676.14', '2023-07-27 20:28:48'),
       (530, '365059755.40', '2023-05-03 06:27:38'),
       (277, '107761822.20', '2023-07-12 21:08:31'),
       (901, '076145661.66', '2023-05-16 04:00:36'),
       (240, '681711809.67', '2023-10-02 00:46:36'),
       (894, '421501111.16', '2023-04-02 12:35:51'),
       (135, '815098476.78', '2023-05-18 04:39:09'),
       (724, '390077630.23', '2023-04-23 01:12:52'),
       (318, '781675966.50', '2023-08-08 00:58:29'),
       (412, '271919661.85', '2023-09-30 21:19:11'),
       (518, '461256386.06', '2023-09-10 13:06:19'),
       (100, '890485406.89', '2023-10-05 04:51:44'),
       (251, '754748743.84', '2023-07-19 21:47:23'),
       (862, '324842838.31', '2023-08-26 08:48:30'),
       (533, '768354593.73', '2023-07-09 14:23:12'),
       (126, '176272794.44', '2023-08-24 10:08:23'),
       (907, '016947078.08', '2023-01-09 09:00:21'),
       (137, '878744316.17', '2023-06-25 12:27:58'),
       (728, '963255014.64', '2023-01-21 16:47:26'),
       (830, '628668072.19', '2023-05-12 10:00:45'),
       (90, '396479794.40', '2023-10-01 21:57:32'),
       (499, '587356779.86', '2023-06-13 02:31:06'),
       (466, '679231340.31', '2023-06-27 23:40:19'),
       (981, '910680808.00', '2023-08-15 01:21:15'),
       (600, '962586398.23', '2023-06-04 01:38:34'),
       (765, '592180481.29', '2023-03-25 02:49:05'),
       (396, '048581826.25', '2023-04-24 07:49:44'),
       (620, '457920125.93', '2023-07-01 07:32:06'),
       (932, '877163967.50', '2023-06-28 12:25:54'),
       (908, '716672908.55', '2023-05-21 02:53:18'),
       (149, '813576732.58', '2023-05-14 05:59:47'),
       (904, '546769757.16', '2023-06-27 03:40:54'),
       (59, '476796387.80', '2023-01-15 08:13:19'),
       (286, '365800058.91', '2023-02-07 11:29:42'),
       (488, '346794301.75', '2023-08-23 11:53:48'),
       (402, '265911810.34', '2023-09-21 23:40:37'),
       (869, '123288454.93', '2023-03-07 10:53:34'),
       (949, '016573609.04', '2023-03-04 15:13:02'),
       (333, '751101652.05', '2023-02-22 20:23:42'),
       (704, '067730916.86', '2023-04-23 20:22:03'),
       (173, '926267049.45', '2023-08-01 15:14:23'),
       (655, '944093803.50', '2023-09-22 02:39:54'),
       (103, '067194823.00', '2023-05-03 03:48:18'),
       (895, '579280743.68', '2023-05-17 22:09:18'),
       (836, '007805891.06', '2023-03-17 13:34:38'),
       (561, '653210859.26', '2023-09-17 06:09:22'),
       (297, '415804988.93', '2023-03-11 13:55:31'),
       (135, '812158944.72', '2023-09-05 11:39:07'),
       (832, '644187997.36', '2023-06-26 20:30:37'),
       (113, '477890967.60', '2023-04-25 05:26:38'),
       (198, '232752247.85', '2023-06-29 16:35:44'),
       (154, '995771114.77', '2023-02-20 05:46:24'),
       (851, '143033833.88', '2023-02-04 06:42:02'),
       (281, '294255711.52', '2023-04-09 02:13:00'),
       (983, '604765257.72', '2023-02-12 15:06:16'),
       (313, '979193071.35', '2023-01-22 18:44:47'),
       (224, '851763313.33', '2023-06-19 17:47:20'),
       (820, '874730702.44', '2023-08-08 02:31:36'),
       (487, '255009581.07', '2023-05-10 04:50:35'),
       (17, '035736641.52', '2023-04-30 16:51:34'),
       (635, '623172027.02', '2023-04-19 23:56:12'),
       (724, '917133348.42', '2023-07-05 20:26:20'),
       (244, '977567286.26', '2023-07-18 04:34:46'),
       (397, '806042423.62', '2023-05-16 12:56:51'),
       (119, '610286513.35', '2023-01-26 21:01:11'),
       (633, '669230077.88', '2023-02-13 18:41:53'),
       (628, '284875334.38', '2023-04-28 01:15:06'),
       (844, '039469449.19', '2023-03-12 10:12:17'),
       (837, '792984284.66', '2023-06-14 21:16:42'),
       (881, '794477302.86', '2023-05-10 04:19:25'),
       (234, '770174117.37', '2023-09-15 09:30:28'),
       (455, '267416410.40', '2023-04-21 23:25:41'),
       (712, '702508424.59', '2023-03-28 12:23:40'),
       (377, '307631866.38', '2023-07-25 22:34:22'),
       (167, '733928165.96', '2023-06-04 05:07:45'),
       (294, '696777457.36', '2023-06-15 02:33:46'),
       (701, '971789011.98', '2023-01-05 23:50:28'),
       (453, '726576850.88', '2023-08-23 01:13:49'),
       (804, '602472982.84', '2023-08-29 20:22:29'),
       (602, '812016440.53', '2023-06-07 21:21:01'),
       (310, '065138132.46', '2023-10-04 08:50:38'),
       (893, '420455687.75', '2023-06-21 15:48:49'),
       (914, '326438071.56', '2023-04-18 04:19:06'),
       (806, '392022156.96', '2023-08-02 10:09:58'),
       (400, '194259615.46', '2023-09-05 13:15:04'),
       (416, '433731328.39', '2023-10-02 05:43:57'),
       (651, '811245544.49', '2023-02-23 17:16:46'),
       (73, '881279608.98', '2023-05-22 02:19:30'),
       (549, '166092684.35', '2023-06-04 12:33:24'),
       (314, '712166072.15', '2023-10-05 22:04:01'),
       (922, '320713906.87', '2023-07-18 18:49:43'),
       (40, '468168037.85', '2023-02-07 10:44:19'),
       (329, '214389383.11', '2023-03-02 00:52:02'),
       (383, '330222759.80', '2023-01-27 06:18:21'),
       (493, '247380221.45', '2023-02-03 08:24:13'),
       (163, '283784669.03', '2023-05-24 06:03:42'),
       (816, '441118731.25', '2023-06-21 20:32:14'),
       (667, '487447928.11', '2023-01-10 10:24:05'),
       (711, '877958475.49', '2023-04-21 03:52:08'),
       (782, '322754813.66', '2023-04-30 18:44:13'),
       (493, '488504013.79', '2023-01-27 12:07:37'),
       (614, '319650399.77', '2023-06-23 13:56:17'),
       (429, '337843480.17', '2023-08-01 14:54:57'),
       (740, '734221542.57', '2023-06-26 00:43:33'),
       (788, '816957649.16', '2023-06-21 18:50:51'),
       (405, '086600208.15', '2023-07-13 20:16:48'),
       (477, '957453938.75', '2023-04-30 01:48:05'),
       (97, '136570614.43', '2023-02-23 00:30:59'),
       (515, '251124391.74', '2023-01-20 04:56:42'),
       (622, '590459043.61', '2023-06-07 23:13:55'),
       (915, '256356408.82', '2023-03-19 20:23:20'),
       (558, '867136458.15', '2023-06-29 21:28:35'),
       (126, '738483827.00', '2023-03-16 16:26:24'),
       (851, '252667611.77', '2023-08-08 20:37:12'),
       (468, '678281551.26', '2023-09-01 11:59:00'),
       (674, '027549825.39', '2023-07-30 07:38:20'),
       (948, '903984798.24', '2023-04-23 17:09:03'),
       (210, '559075038.79', '2023-02-19 23:00:45'),
       (429, '434608615.04', '2023-07-16 13:16:21'),
       (616, '656778672.52', '2023-04-24 09:06:21'),
       (173, '896446911.65', '2023-07-30 14:03:08'),
       (160, '430471283.82', '2023-09-23 17:56:17'),
       (473, '754319442.04', '2023-03-20 20:59:11'),
       (986, '380569441.00', '2023-08-16 18:57:42'),
       (326, '166882893.07', '2023-06-10 07:00:45'),
       (155, '502746966.44', '2023-06-16 20:16:32'),
       (237, '502172808.05', '2023-04-01 19:30:06'),
       (422, '604016454.44', '2023-01-25 15:34:26'),
       (750, '948891390.48', '2023-02-19 17:24:08'),
       (764, '188694937.32', '2023-05-25 20:14:21'),
       (870, '982849090.45', '2023-03-13 08:13:52'),
       (215, '060845093.78', '2023-02-17 06:52:20'),
       (881, '488823582.60', '2023-07-06 18:21:10'),
       (309, '142927954.73', '2023-01-25 05:55:04'),
       (287, '471227387.05', '2023-10-02 11:44:41'),
       (316, '581888484.67', '2023-03-28 20:53:01'),
       (746, '039461208.09', '2023-09-19 15:10:41'),
       (440, '741589866.04', '2023-03-14 23:13:46'),
       (616, '093837717.00', '2023-02-16 10:59:54'),
       (571, '721221247.94', '2023-05-10 00:52:02'),
       (83, '157450295.10', '2023-05-17 00:47:34'),
       (976, '051129821.60', '2023-05-24 13:37:45'),
       (234, '990852719.25', '2023-05-08 23:23:52'),
       (952, '465454285.44', '2023-03-01 08:34:57'),
       (923, '158816731.74', '2023-09-22 21:34:51'),
       (634, '225220641.55', '2023-04-22 07:02:15'),
       (204, '075318440.52', '2023-04-30 10:40:59'),
       (782, '760223311.20', '2023-07-06 12:54:46'),
       (715, '056994155.42', '2023-08-30 23:16:22'),
       (737, '966825791.44', '2023-08-02 18:00:19'),
       (246, '674759310.63', '2023-07-06 04:34:06'),
       (986, '248874135.05', '2023-05-09 02:27:12'),
       (764, '056292233.66', '2023-04-03 01:50:14'),
       (369, '996756091.52', '2023-04-01 23:02:27'),
       (722, '406361659.67', '2023-05-23 19:49:13'),
       (1000, '583240082.12', '2023-07-03 07:36:41'),
       (262, '475717186.91', '2023-07-12 02:57:50'),
       (308, '107521232.79', '2023-09-20 17:36:42'),
       (497, '629304948.65', '2023-06-08 08:45:23'),
       (649, '140715480.57', '2023-03-06 04:10:23'),
       (256, '587728472.55', '2023-01-13 14:21:24'),
       (392, '552381612.06', '2023-06-23 03:31:02'),
       (142, '249873552.24', '2023-06-19 10:06:31'),
       (485, '577122604.80', '2023-07-17 21:33:19'),
       (757, '110451518.40', '2023-05-28 06:58:59'),
       (7, '659288520.50', '2023-03-03 05:08:54'),
       (297, '749642248.15', '2023-03-23 03:24:56'),
       (301, '254975769.11', '2023-04-23 04:09:18'),
       (567, '167523517.95', '2023-03-08 14:59:32'),
       (348, '281276290.42', '2023-04-07 12:48:27'),
       (758, '835033526.73', '2023-02-01 23:16:08'),
       (611, '852217335.37', '2023-06-05 06:49:52'),
       (391, '210554128.78', '2023-07-01 22:28:40'),
       (782, '858834670.97', '2023-05-12 14:24:55'),
       (832, '896511186.22', '2023-02-27 12:46:31'),
       (215, '637255663.66', '2023-02-22 18:26:28'),
       (578, '809294269.44', '2023-06-12 08:45:40'),
       (50, '723877789.94', '2023-06-25 10:03:20'),
       (421, '283938423.47', '2023-08-25 07:24:57'),
       (917, '037322736.88', '2023-03-16 08:29:26'),
       (829, '018633752.61', '2023-07-31 16:21:05'),
       (630, '052033745.74', '2023-07-02 22:47:47'),
       (477, '807604679.33', '2023-05-13 18:01:29'),
       (641, '387564795.99', '2023-02-26 22:22:49'),
       (22, '378466814.80', '2023-02-19 17:23:30'),
       (956, '690035397.04', '2023-04-25 20:39:04'),
       (678, '909882403.72', '2023-09-03 14:29:39'),
       (869, '835562227.23', '2023-01-18 13:26:18'),
       (749, '686064077.98', '2023-09-16 18:12:50'),
       (291, '009482931.47', '2023-08-27 06:53:43'),
       (585, '153289613.04', '2023-05-29 08:03:01'),
       (336, '588278612.87', '2023-04-07 13:53:27'),
       (113, '398802720.40', '2023-03-29 15:05:31'),
       (930, '569700530.50', '2023-04-03 12:44:48'),
       (445, '009558688.79', '2023-09-05 03:08:15'),
       (350, '577014833.26', '2023-02-06 17:14:55'),
       (601, '935989499.32', '2023-06-08 07:21:52'),
       (758, '720716484.18', '2023-06-22 12:07:04'),
       (754, '214098918.27', '2023-05-21 10:18:06'),
       (925, '191880750.88', '2023-05-25 08:20:44'),
       (901, '218615119.22', '2023-09-04 04:39:37'),
       (255, '045646682.52', '2023-02-12 15:06:02'),
       (103, '343250777.11', '2023-07-01 17:27:03'),
       (832, '834079549.54', '2023-09-08 07:50:22'),
       (338, '080910700.02', '2023-05-30 07:13:38'),
       (598, '808143467.19', '2023-05-04 10:03:31'),
       (855, '506910274.08', '2023-03-17 21:41:24'),
       (733, '014580451.89', '2023-09-12 23:03:21'),
       (851, '348053573.26', '2023-05-12 08:27:51'),
       (104, '098387421.61', '2023-04-11 07:17:31'),
       (517, '514981936.98', '2023-09-07 20:08:10'),
       (664, '154969105.42', '2023-06-07 11:11:13'),
       (122, '628899138.73', '2023-04-02 15:50:47'),
       (761, '692629814.55', '2023-09-02 21:21:50'),
       (645, '604981979.76', '2023-02-16 19:51:46'),
       (935, '947663451.35', '2023-05-25 06:23:59'),
       (968, '609495290.85', '2023-06-26 02:42:06'),
       (90, '896812070.62', '2023-04-10 15:23:59'),
       (31, '591754870.67', '2023-02-22 15:18:15'),
       (140, '580063565.33', '2023-06-29 22:38:44'),
       (667, '357130955.39', '2023-09-10 00:43:18'),
       (213, '389966639.99', '2023-06-07 09:49:53'),
       (889, '729805715.02', '2023-01-14 07:24:39'),
       (154, '561017705.90', '2023-07-05 11:21:48'),
       (966, '169699425.71', '2023-04-27 20:04:31'),
       (526, '694202342.57', '2023-08-29 02:52:05'),
       (16, '235277251.90', '2023-08-22 13:48:15'),
       (612, '644974284.81', '2023-08-04 12:36:02'),
       (334, '110324726.82', '2023-06-08 16:56:20'),
       (332, '545929576.97', '2023-07-15 12:33:22'),
       (672, '314854245.24', '2023-05-05 15:32:27'),
       (60, '655891662.88', '2023-03-16 19:39:28'),
       (659, '931503380.39', '2023-08-10 08:28:29'),
       (766, '008527240.69', '2023-06-01 03:04:45'),
       (84, '355933767.05', '2023-05-10 00:56:24'),
       (580, '370617257.09', '2023-03-20 06:24:16'),
       (320, '282944613.63', '2023-01-13 05:58:55'),
       (616, '356220518.93', '2023-06-24 10:12:09'),
       (774, '296972535.46', '2023-05-05 14:53:01'),
       (954, '770610091.70', '2023-09-13 00:43:48'),
       (271, '928898333.70', '2023-06-17 08:18:25'),
       (574, '261255572.70', '2023-03-28 00:41:45'),
       (537, '842596689.64', '2023-06-17 12:35:43'),
       (822, '283666197.61', '2023-01-16 15:36:09'),
       (175, '486406010.55', '2023-05-05 06:10:17'),
       (515, '733192221.44', '2023-05-15 09:30:43'),
       (138, '909470496.08', '2023-09-07 19:10:26'),
       (875, '300948287.64', '2023-08-11 13:07:06'),
       (523, '996330319.96', '2023-03-28 20:44:28'),
       (134, '297481008.70', '2023-03-19 11:32:26'),
       (893, '859224275.30', '2023-05-02 10:13:02'),
       (2, '059648633.07', '2023-05-02 11:27:47'),
       (10, '771368762.82', '2023-01-14 18:18:35'),
       (383, '590586064.24', '2023-04-14 10:51:20'),
       (141, '884442513.93', '2023-02-16 13:39:43'),
       (231, '957065826.19', '2023-09-01 01:39:07'),
       (318, '747959726.40', '2023-06-21 09:38:47'),
       (802, '570371992.42', '2023-09-29 01:05:12'),
       (197, '378953807.45', '2023-09-21 22:37:32'),
       (213, '025845633.06', '2023-03-09 00:09:05'),
       (823, '965449128.36', '2023-08-04 01:37:01'),
       (615, '660429210.75', '2023-03-02 01:26:10'),
       (721, '625341617.11', '2023-06-08 11:50:15'),
       (142, '239522547.07', '2023-02-09 10:25:18'),
       (276, '022852278.87', '2023-01-27 19:12:24'),
       (45, '685656130.38', '2023-04-08 06:31:28'),
       (367, '088556540.05', '2023-03-19 21:02:08'),
       (256, '685476592.22', '2023-05-03 21:32:56'),
       (219, '205216009.63', '2023-09-23 13:58:44'),
       (259, '204075183.93', '2023-08-24 11:00:19'),
       (856, '905906869.33', '2023-08-01 06:33:39'),
       (70, '658471817.76', '2023-02-22 11:52:26'),
       (772, '034198364.11', '2023-06-11 17:21:31'),
       (585, '732346243.10', '2023-01-21 12:36:17'),
       (271, '709814632.76', '2023-03-30 23:06:15'),
       (491, '726722737.01', '2023-02-27 11:35:23'),
       (170, '888273878.72', '2023-07-12 22:34:18'),
       (46, '687875813.99', '2023-04-06 22:30:40'),
       (437, '870136485.46', '2023-02-14 18:28:53'),
       (115, '169810670.79', '2023-04-26 09:12:04'),
       (18, '449710507.11', '2023-07-19 05:38:03'),
       (205, '104960678.10', '2023-03-24 11:04:02'),
       (432, '084508784.65', '2023-09-21 16:46:45'),
       (76, '536119910.55', '2023-07-20 17:55:35'),
       (861, '838720112.02', '2023-01-16 03:39:27'),
       (264, '270439123.46', '2023-07-30 05:24:54'),
       (795, '730634611.97', '2023-07-12 04:25:11'),
       (694, '633981199.93', '2023-06-09 03:12:37'),
       (780, '220199553.60', '2023-03-23 08:36:31'),
       (149, '717208479.51', '2023-02-14 17:30:59'),
       (637, '724509324.60', '2023-05-12 10:08:41'),
       (919, '878776690.13', '2023-04-11 12:57:26'),
       (377, '951851440.60', '2023-04-14 03:12:49'),
       (152, '854909276.43', '2023-08-15 21:59:41'),
       (668, '101891111.29', '2023-07-25 01:57:48'),
       (875, '721785034.38', '2023-07-16 04:35:27'),
       (252, '493165973.25', '2023-05-27 13:51:53'),
       (246, '709936021.22', '2023-06-04 06:11:24'),
       (471, '276376052.06', '2023-09-14 10:26:01'),
       (714, '858718204.93', '2023-07-14 06:33:09'),
       (378, '966343133.04', '2023-06-24 05:19:13'),
       (403, '430039080.87', '2023-03-17 11:28:01'),
       (763, '333720184.71', '2023-06-07 15:44:09'),
       (925, '593728909.24', '2023-02-01 21:59:25'),
       (737, '500519811.81', '2023-03-15 01:08:14'),
       (958, '878329145.92', '2023-05-09 23:05:59'),
       (858, '693003320.90', '2023-01-23 19:58:30'),
       (781, '146388861.07', '2023-04-05 21:56:49'),
       (552, '189613099.50', '2023-02-19 06:52:52'),
       (820, '505258497.96', '2023-05-05 12:57:29'),
       (877, '471454511.68', '2023-04-04 18:31:09'),
       (196, '051685249.52', '2023-06-20 09:39:34'),
       (588, '869872206.39', '2023-06-30 14:58:07'),
       (553, '426502480.49', '2023-08-02 05:29:54'),
       (192, '404400070.34', '2023-08-22 02:28:28'),
       (424, '481204664.63', '2023-07-12 08:27:04'),
       (735, '080201001.02', '2023-06-13 09:25:54'),
       (885, '969634360.36', '2023-08-06 02:08:01'),
       (197, '318614944.59', '2023-08-03 07:21:41'),
       (344, '136322668.48', '2023-03-03 13:00:05'),
       (474, '238783989.04', '2023-08-29 02:28:42'),
       (408, '791124920.77', '2023-07-29 08:32:04'),
       (910, '521541998.41', '2023-01-17 16:06:17'),
       (353, '089182787.62', '2023-05-03 16:55:55'),
       (218, '202965035.01', '2023-03-03 11:58:48'),
       (999, '365015061.16', '2023-05-02 04:06:42'),
       (849, '019731527.27', '2023-02-24 23:50:55'),
       (27, '860632153.99', '2023-05-08 13:03:37'),
       (394, '754095378.96', '2023-08-28 18:09:17'),
       (969, '429606143.22', '2023-06-18 22:46:56'),
       (403, '622578465.00', '2023-05-19 16:05:40'),
       (741, '639385224.13', '2023-09-10 10:13:56'),
       (562, '168406742.04', '2023-08-25 23:06:49'),
       (115, '778264511.80', '2023-10-01 23:54:44'),
       (307, '674004909.45', '2023-03-09 15:14:28'),
       (369, '501901669.88', '2023-09-27 05:36:27'),
       (825, '028121414.02', '2023-06-11 18:05:20'),
       (319, '078931660.72', '2023-07-19 22:42:47'),
       (575, '965903953.44', '2023-09-03 19:01:42'),
       (667, '305799637.98', '2023-03-08 02:06:04'),
       (288, '055476239.12', '2023-07-07 22:13:42'),
       (113, '384269253.08', '2023-01-21 14:50:34'),
       (880, '023349376.73', '2023-03-13 19:11:33'),
       (237, '160259884.63', '2023-06-06 01:07:58'),
       (56, '025773215.87', '2023-04-08 18:19:02'),
       (793, '837287433.01', '2023-01-25 10:04:17'),
       (120, '364169391.03', '2023-08-25 08:47:11'),
       (376, '208996358.97', '2023-07-20 18:56:42'),
       (407, '582945527.01', '2023-09-03 03:37:16'),
       (890, '160216954.35', '2023-05-22 02:31:04'),
       (363, '647521343.92', '2023-06-18 06:48:00'),
       (329, '874232720.45', '2023-01-27 03:35:13'),
       (154, '952640532.38', '2023-09-02 21:05:06'),
       (201, '251305391.40', '2023-08-12 21:36:31'),
       (944, '905760517.20', '2023-01-22 08:15:49'),
       (411, '122540452.46', '2023-05-01 23:18:24'),
       (20, '372647461.92', '2023-02-25 09:39:47'),
       (477, '978104371.21', '2023-01-30 22:48:51'),
       (174, '643396436.83', '2023-03-10 05:17:57'),
       (882, '528535499.60', '2023-09-21 08:53:06'),
       (365, '011408194.78', '2023-01-11 02:33:42'),
       (397, '709946098.08', '2023-03-22 00:40:34'),
       (265, '401641048.50', '2023-08-06 14:46:47'),
       (379, '763325494.56', '2023-03-24 01:38:30'),
       (569, '373645993.96', '2023-08-18 13:35:23'),
       (311, '101062046.35', '2023-07-02 03:26:00'),
       (701, '976639402.67', '2023-01-21 22:44:43'),
       (320, '797501229.85', '2023-03-19 10:12:55'),
       (92, '912152652.79', '2023-06-29 14:15:14'),
       (403, '832250823.23', '2023-01-31 05:11:25'),
       (648, '438821244.90', '2023-08-14 16:09:16'),
       (619, '638975246.89', '2023-02-28 03:38:14'),
       (176, '488718063.28', '2023-08-19 07:17:46'),
       (832, '958499853.10', '2023-08-13 15:10:21'),
       (245, '102005168.15', '2023-07-26 20:09:08'),
       (74, '771471653.19', '2023-04-21 16:30:07'),
       (707, '715503444.50', '2023-01-08 16:15:31'),
       (703, '909852574.91', '2023-01-23 22:54:31'),
       (64, '680079170.48', '2023-08-26 16:10:22'),
       (983, '309909450.82', '2023-05-19 16:19:02'),
       (764, '018495102.35', '2023-08-30 20:50:48'),
       (688, '047525160.32', '2023-07-28 18:12:24'),
       (664, '412014483.07', '2023-04-22 09:24:03'),
       (650, '775310156.27', '2023-08-23 02:52:42'),
       (407, '250964178.05', '2023-03-13 15:18:49'),
       (276, '598430514.18', '2023-02-05 20:42:29'),
       (263, '570880501.00', '2023-04-13 16:18:35'),
       (821, '571774111.00', '2023-01-28 06:19:41'),
       (2, '323516844.74', '2023-09-25 06:24:50'),
       (215, '871403768.71', '2023-08-01 12:31:55'),
       (614, '051487476.37', '2023-06-15 04:50:18'),
       (415, '404927836.08', '2023-07-31 22:00:06'),
       (415, '129952467.16', '2023-03-06 14:20:29'),
       (868, '902173726.06', '2023-01-19 22:26:14'),
       (692, '816577743.43', '2023-04-03 18:40:39'),
       (715, '920562305.12', '2023-05-11 00:07:51'),
       (125, '896117792.16', '2023-02-21 17:28:09'),
       (333, '812329409.82', '2023-02-17 10:11:07'),
       (340, '149362136.18', '2023-09-11 20:31:30'),
       (859, '651664890.80', '2023-09-13 04:32:07'),
       (402, '644581222.49', '2023-07-21 04:33:56'),
       (266, '871741499.52', '2023-06-14 23:32:23'),
       (44, '283673304.86', '2023-08-25 20:07:57'),
       (28, '298930294.71', '2023-03-07 05:06:34'),
       (632, '729549293.31', '2023-04-20 01:11:21'),
       (563, '500497060.94', '2023-07-04 23:48:13'),
       (261, '041015349.67', '2023-05-02 06:14:28'),
       (731, '184879174.78', '2023-01-06 20:25:29'),
       (660, '631781275.95', '2023-05-17 14:19:52'),
       (267, '846913455.16', '2023-01-06 02:06:12'),
       (480, '978003938.53', '2023-01-10 16:27:46'),
       (194, '686060218.28', '2023-02-22 18:15:56'),
       (120, '821037316.59', '2023-10-04 05:25:31'),
       (883, '879480420.71', '2023-06-13 07:03:25'),
       (280, '962319445.79', '2023-02-10 21:00:11'),
       (773, '677207105.40', '2023-01-01 23:49:50'),
       (693, '251655554.44', '2023-06-08 07:41:17'),
       (613, '314698173.34', '2023-09-24 09:49:46'),
       (807, '234541786.98', '2023-07-24 03:16:54'),
       (92, '329921995.82', '2023-01-18 19:20:13'),
       (914, '112856912.99', '2023-06-20 19:59:50'),
       (778, '129852578.62', '2023-04-23 21:47:54'),
       (26, '015847899.42', '2023-06-23 10:46:41'),
       (774, '231830693.91', '2023-07-30 08:42:58'),
       (788, '886730068.50', '2023-07-15 18:59:51'),
       (96, '298643006.47', '2023-02-28 13:02:23'),
       (127, '092393695.26', '2023-01-10 18:13:05'),
       (154, '514388389.78', '2023-07-02 20:45:44'),
       (829, '721432097.07', '2023-06-25 06:02:57'),
       (721, '783605325.60', '2023-07-19 15:19:36'),
       (592, '243375697.87', '2023-01-27 14:12:09'),
       (938, '903491875.48', '2023-05-15 12:08:18'),
       (114, '633005055.62', '2023-09-19 09:27:01'),
       (440, '024601570.05', '2023-01-06 04:24:01'),
       (862, '626134446.82', '2023-09-24 11:36:25'),
       (182, '773920900.30', '2023-04-24 13:48:28'),
       (686, '611827476.26', '2023-03-09 03:59:52'),
       (676, '015086470.45', '2023-08-16 11:53:01'),
       (461, '261094135.12', '2023-09-02 20:25:54'),
       (635, '900496969.91', '2023-01-17 00:57:19'),
       (289, '169150448.66', '2023-01-23 16:55:09'),
       (239, '908293362.82', '2023-08-01 16:58:35'),
       (174, '157893872.98', '2023-06-13 11:45:59'),
       (803, '661365077.79', '2023-02-11 22:03:10'),
       (130, '608457437.59', '2023-02-28 03:53:25'),
       (321, '660896299.01', '2023-06-11 03:58:23'),
       (84, '842586347.50', '2023-03-16 14:52:32'),
       (440, '526458092.97', '2023-06-15 09:20:42'),
       (328, '331293397.10', '2023-03-12 17:21:03'),
       (352, '292918824.22', '2023-02-12 16:36:14'),
       (483, '191637191.90', '2023-07-10 10:33:44'),
       (963, '854041334.47', '2023-06-22 00:59:32'),
       (878, '795950284.56', '2023-06-07 11:51:41'),
       (394, '794024963.38', '2023-04-01 13:41:11'),
       (639, '284598072.71', '2023-05-17 20:04:48')
GO
       
